school_id,school_name,district,block,total_enrolled,has_electricity,has_drinking_water,has_separate_girls_toilet,has_boys_toilet,mdm_served_status,mdm_grain_procured_kg,mdm_grain_unit_raw,avg_student_attendance_pct,avg_test_score,reported_dropout_rate_pct,mdm_grain_procured_raw,proxy_attendance_flag,infrastructure_score,welfare_efficacy_index,retention_risk_level,priority_action
SCH-1001,Govt High School 1,North Valley,Block Gamma,330,True,True,True,True,False,3144.2,kg,100.0,12.5,26.0,3144.2,True,100.0,70.0,CRITICAL,Urgent Infrastructure & Welfare Taskforce
SCH-1002,Model Primary School 2,Lake Plateau,Block Epsilon,509,True,False,False,False,True,2860.0,quintal,79.7,85.3,10.4,28.6,False,30.0,65.9,HIGH,District Officer Advisory
SCH-1003,Govt High School 3,East Coast,Block Gamma,698,False,True,True,False,True,3410.0,quintals,62.4,64.0,24.3,34.1,False,55.0,70.7,CRITICAL,Urgent Infrastructure & Welfare Taskforce
SCH-1004,Govt High School 4,North Valley,Block Beta,376,True,True,True,False,False,2297.8,kilograms,61.7,41.8,26.3,2297.8,False,85.0,52.5,CRITICAL,Urgent Infrastructure & Welfare Taskforce
SCH-1005,Sarvodaya Kanya School 5,Lake Plateau,Block Beta,626,True,True,True,False,False,3470.0,qtl,76.6,78.1,22.1,34.7,False,85.0,57.0,CRITICAL,Urgent Infrastructure & Welfare Taskforce
SCH-1006,Govt High School 6,East Coast,Block Delta,354,True,True,False,True,False,2362.9,kg,63.4,41.7,8.0,2362.9,False,75.0,49.0,HIGH,District Officer Advisory
SCH-1007,Adarsh Vidyalaya 7,Lake Plateau,Block Epsilon,518,False,False,False,True,True,1830.0,ton,82.8,35.1,19.5,1.83,False,15.0,60.8,HIGH,District Officer Advisory
SCH-1008,Zila Parishad School 8,West Plain,Block Epsilon,559,True,False,True,True,True,578.0,kg,89.8,46.4,9.3,578.0,False,70.0,84.9,MEDIUM,Standard Monitoring
SCH-1009,Govt High School 9,Lake Plateau,Block Gamma,592,True,True,True,True,False,2310.0,quintal,74.9,59.0,22.1,23.1,False,100.0,62.5,CRITICAL,Urgent Infrastructure & Welfare Taskforce
SCH-1010,Govt High School 10,Central Zila,Block Gamma,580,True,True,False,False,True,990.0,quintals,72.6,71.1,23.1,9.9,False,60.0,75.8,CRITICAL,Urgent Infrastructure & Welfare Taskforce
SCH-1011,Sarvodaya Kanya School 11,South Hill,Block Beta,566,True,True,False,True,False,3382.4,kilograms,92.2,69.9,12.1,3382.4,False,75.0,57.7,HIGH,District Officer Advisory
SCH-1012,Adarsh Vidyalaya 12,West Plain,Block Epsilon,542,True,True,True,True,False,2140.0,quintals,54.0,64.8,7.6,21.4,False,100.0,56.2,HIGH,District Officer Advisory
SCH-1013,Adarsh Vidyalaya 13,North Valley,Block Epsilon,323,False,True,False,True,True,2587.1,kg,89.6,54.8,12.3,2587.1,False,45.0,74.9,HIGH,District Officer Advisory
SCH-1014,Zila Parishad School 14,East Coast,Block Delta,500,False,True,True,True,True,524.8,kg,63.7,40.7,6.5,524.8,False,70.0,77.1,HIGH,District Officer Advisory
SCH-1015,Zila Parishad School 15,South Hill,Block Gamma,553,True,True,False,True,True,2350.0,quintals,71.2,30.9,21.5,23.5,False,75.0,81.4,CRITICAL,Urgent Infrastructure & Welfare Taskforce
SCH-1016,Zila Parishad School 16,West Plain,Block Delta,298,False,True,True,False,True,1075.2,kilograms,84.3,85.3,27.9,1075.2,False,55.0,77.3,CRITICAL,Urgent Infrastructure & Welfare Taskforce
SCH-1017,Zila Parishad School 17,South Hill,Block Beta,383,True,True,False,True,True,2670.0,quintals,45.1,78.7,5.7,26.7,False,75.0,73.5,HIGH,District Officer Advisory
SCH-1018,Govt High School 18,South Hill,Block Alpha,689,True,True,True,False,True,1010.0,ton,74.1,61.8,15.4,1.01,False,85.0,86.2,HIGH,District Officer Advisory
SCH-1019,Model Primary School 19,Lake Plateau,Block Gamma,324,False,False,True,True,True,1710.0,qtl,92.0,64.1,16.4,17.1,False,40.0,73.6,HIGH,District Officer Advisory
SCH-1020,Sarvodaya Kanya School 20,South Hill,Block Epsilon,351,True,False,True,True,False,720.0,qtl,100.0,12.5,26.0,7.2,True,70.0,58.0,CRITICAL,Urgent Infrastructure & Welfare Taskforce
SCH-1021,Sarvodaya Kanya School 21,East Coast,Block Alpha,217,False,True,True,True,True,1098.7,kg,74.7,65.0,8.5,1098.7,False,70.0,80.4,MEDIUM,Standard Monitoring
SCH-1022,Govt High School 22,North Valley,Block Delta,363,True,True,False,True,True,730.0,qtl,65.9,32.0,26.5,7.3,False,75.0,79.8,CRITICAL,Urgent Infrastructure & Welfare Taskforce
SCH-1023,Model Primary School 23,Central Zila,Block Alpha,458,False,True,True,False,True,1220.0,quintals,90.5,81.6,7.1,12.2,False,55.0,79.2,MEDIUM,Standard Monitoring
SCH-1024,Govt High School 24,East Coast,Block Epsilon,496,False,True,True,True,True,2880.0,quintal,89.6,71.4,10.3,28.8,False,70.0,84.9,MEDIUM,Standard Monitoring
SCH-1025,Model Primary School 25,East Coast,Block Beta,190,False,True,False,True,True,3230.0,quintal,60.9,39.0,19.0,32.3,False,45.0,66.3,HIGH,District Officer Advisory
SCH-1026,Adarsh Vidyalaya 26,North Valley,Block Gamma,439,True,True,False,True,True,3300.0,qtl,48.2,85.6,8.5,33.0,False,75.0,74.5,HIGH,District Officer Advisory
SCH-1027,Zila Parishad School 27,East Coast,Block Gamma,526,False,True,True,False,False,1040.6,kg,80.3,83.3,15.8,1040.6,False,55.0,46.1,HIGH,District Officer Advisory
SCH-1028,Model Primary School 28,East Coast,Block Delta,151,True,False,False,False,True,610.0,quintal,90.6,45.5,20.0,6.1,False,30.0,69.2,CRITICAL,Urgent Infrastructure & Welfare Taskforce
SCH-1029,Model Primary School 29,West Plain,Block Delta,258,False,False,False,False,True,200.0,quintal,57.5,66.2,13.8,2.0,False,0.0,47.2,HIGH,District Officer Advisory
SCH-1030,Model Primary School 30,Central Zila,Block Delta,253,True,True,False,True,True,2243.6,kg,47.0,44.6,22.9,2243.6,False,75.0,74.1,CRITICAL,Urgent Infrastructure & Welfare Taskforce
SCH-1031,Govt High School 31,South Hill,Block Delta,705,True,False,False,True,False,2570.5,kg,62.7,68.3,25.2,2570.5,False,45.0,36.8,CRITICAL,Urgent Infrastructure & Welfare Taskforce
SCH-1032,Govt High School 32,West Plain,Block Beta,260,True,True,False,True,True,3227.7,kg,48.6,54.3,15.6,3227.7,False,75.0,74.6,HIGH,District Officer Advisory
SCH-1033,Adarsh Vidyalaya 33,West Plain,Block Epsilon,596,False,True,False,True,True,1770.0,quintal,56.0,73.2,15.3,17.7,False,45.0,64.8,HIGH,District Officer Advisory
SCH-1034,Adarsh Vidyalaya 34,West Plain,Block Alpha,372,True,False,False,False,True,660.0,quintals,54.5,29.0,12.3,6.6,False,30.0,58.4,HIGH,District Officer Advisory
SCH-1035,Zila Parishad School 35,North Valley,Block Beta,510,False,False,True,True,False,1774.0,kilograms,92.9,81.2,23.6,1774.0,False,40.0,43.9,CRITICAL,Urgent Infrastructure & Welfare Taskforce
SCH-1036,Sarvodaya Kanya School 36,Central Zila,Block Beta,579,True,False,False,False,True,1309.2,kilograms,78.7,54.4,4.9,1309.2,False,30.0,65.6,HIGH,District Officer Advisory
SCH-1037,Govt High School 37,West Plain,Block Epsilon,657,True,True,True,True,False,3060.6,kg,51.8,53.6,10.4,3060.6,False,100.0,55.5,HIGH,District Officer Advisory
SCH-1038,Adarsh Vidyalaya 38,West Plain,Block Gamma,163,False,True,True,True,True,940.0,qtl,46.0,27.0,8.1,9.4,False,70.0,71.8,HIGH,District Officer Advisory
SCH-1039,Sarvodaya Kanya School 39,South Hill,Block Beta,209,False,True,True,False,True,2508.2,kilograms,83.4,72.1,4.5,2508.2,False,55.0,77.0,MEDIUM,Standard Monitoring
SCH-1040,Adarsh Vidyalaya 40,North Valley,Block Epsilon,106,False,False,True,False,False,854.5,kg,74.0,68.9,9.5,854.5,False,25.0,32.2,HIGH,District Officer Advisory
SCH-1041,Govt High School 41,Central Zila,Block Alpha,435,True,False,True,False,True,2340.0,ton,42.7,52.3,11.1,2.34,False,55.0,64.8,HIGH,District Officer Advisory
SCH-1042,Zila Parishad School 42,Lake Plateau,Block Beta,525,True,True,True,True,False,2870.0,ton,71.1,71.1,8.6,2.87,False,100.0,61.3,MEDIUM,Standard Monitoring
SCH-1043,Govt High School 43,East Coast,Block Delta,329,False,False,False,True,False,290.0,qtl,88.0,75.3,10.5,2.9,False,15.0,32.4,HIGH,District Officer Advisory
SCH-1044,Adarsh Vidyalaya 44,Central Zila,Block Alpha,609,True,True,True,True,False,2032.1,kilograms,55.0,53.2,2.0,2032.1,False,100.0,56.5,HIGH,District Officer Advisory
SCH-1045,Zila Parishad School 45,Lake Plateau,Block Beta,393,True,False,False,False,True,1330.0,ton,95.8,53.6,9.6,1.33,False,30.0,70.7,HIGH,District Officer Advisory
SCH-1046,Model Primary School 46,East Coast,Block Alpha,628,True,True,True,True,True,1112.4,kilograms,73.8,86.8,23.6,1112.4,False,100.0,92.1,CRITICAL,Urgent Infrastructure & Welfare Taskforce
SCH-1047,Adarsh Vidyalaya 47,South Hill,Block Gamma,94,True,True,True,False,True,2030.0,quintals,79.7,79.7,14.5,20.3,False,85.0,87.9,HIGH,District Officer Advisory
SCH-1048,Sarvodaya Kanya School 48,East Coast,Block Delta,570,False,False,True,True,False,1780.0,quintal,86.0,64.7,2.9,17.8,False,40.0,41.8,HIGH,District Officer Advisory
SCH-1049,Sarvodaya Kanya School 49,East Coast,Block Alpha,334,True,True,False,False,False,2240.0,quintal,83.9,43.7,17.1,22.4,False,60.0,49.2,HIGH,District Officer Advisory
SCH-1050,Sarvodaya Kanya School 50,Central Zila,Block Alpha,704,True,True,True,True,True,2380.0,qtl,51.0,25.2,13.4,23.8,False,100.0,85.3,HIGH,District Officer Advisory
SCH-1051,Adarsh Vidyalaya 51,North Valley,Block Beta,375,True,False,True,False,True,970.3,kg,56.3,75.6,6.7,970.3,False,55.0,68.9,HIGH,District Officer Advisory
SCH-1052,Model Primary School 52,Lake Plateau,Block Beta,352,True,True,True,True,False,2670.0,ton,72.7,68.4,20.0,2.67,False,100.0,61.8,CRITICAL,Urgent Infrastructure & Welfare Taskforce
SCH-1053,Sarvodaya Kanya School 53,Central Zila,Block Delta,528,True,False,True,False,False,2190.0,qtl,100.0,12.5,26.0,21.9,True,55.0,52.0,CRITICAL,Urgent Infrastructure & Welfare Taskforce
SCH-1054,Adarsh Vidyalaya 54,Central Zila,Block Alpha,259,False,True,True,False,False,3489.9,kg,65.5,54.6,12.3,3489.9,False,55.0,41.6,HIGH,District Officer Advisory
SCH-1055,Govt High School 55,South Hill,Block Gamma,501,True,False,False,True,False,2710.0,quintal,44.0,40.9,4.6,27.1,False,45.0,31.2,HIGH,District Officer Advisory
SCH-1056,Sarvodaya Kanya School 56,North Valley,Block Epsilon,553,False,True,True,True,False,2700.0,ton,75.8,59.6,26.1,2.7,False,70.0,50.7,CRITICAL,Urgent Infrastructure & Welfare Taskforce
SCH-1057,Zila Parishad School 57,North Valley,Block Alpha,725,False,True,True,True,False,250.0,ton,64.0,32.1,26.6,0.25,False,70.0,47.2,CRITICAL,Urgent Infrastructure & Welfare Taskforce
SCH-1058,Model Primary School 58,West Plain,Block Gamma,601,True,False,False,False,False,1707.4,kg,49.8,72.0,5.1,1707.4,False,30.0,26.9,CRITICAL,Urgent Infrastructure & Welfare Taskforce
SCH-1059,Zila Parishad School 59,East Coast,Block Epsilon,353,True,False,True,False,False,3500.0,ton,68.4,58.9,10.6,3.5,False,55.0,42.5,MEDIUM,Standard Monitoring
SCH-1060,Sarvodaya Kanya School 60,West Plain,Block Delta,409,True,True,True,False,False,3024.8,kg,64.2,82.5,11.6,3024.8,False,85.0,53.3,HIGH,District Officer Advisory
SCH-1061,Model Primary School 61,West Plain,Block Alpha,209,True,False,False,True,False,1940.0,quintals,66.7,66.3,5.6,19.4,False,45.0,38.0,HIGH,District Officer Advisory
SCH-1062,Adarsh Vidyalaya 62,East Coast,Block Epsilon,487,True,True,False,True,True,3348.7,kilograms,75.8,59.1,17.9,3348.7,False,75.0,82.7,HIGH,District Officer Advisory
SCH-1063,Adarsh Vidyalaya 63,South Hill,Block Alpha,524,True,True,True,True,False,2490.2,kg,90.8,75.2,9.3,2490.2,False,100.0,67.2,MEDIUM,Standard Monitoring
SCH-1064,Model Primary School 64,South Hill,Block Epsilon,501,False,True,True,True,True,2210.0,quintals,62.7,61.7,7.7,22.1,False,70.0,76.8,HIGH,District Officer Advisory
SCH-1065,Zila Parishad School 65,East Coast,Block Alpha,556,False,True,True,True,True,3319.3,kilograms,95.3,68.5,13.6,3319.3,False,70.0,86.6,HIGH,District Officer Advisory
SCH-1066,Zila Parishad School 66,West Plain,Block Alpha,322,False,False,False,False,False,1174.3,kg,94.8,60.7,19.7,1174.3,False,0.0,28.4,HIGH,District Officer Advisory
SCH-1067,Govt High School 67,Central Zila,Block Delta,373,True,False,False,True,True,2248.9,kg,78.6,77.8,18.1,2248.9,False,45.0,71.6,HIGH,District Officer Advisory
SCH-1068,Govt High School 68,East Coast,Block Delta,114,False,False,True,True,True,1280.0,qtl,64.4,80.2,11.2,12.8,False,40.0,65.3,HIGH,District Officer Advisory
SCH-1069,Adarsh Vidyalaya 69,South Hill,Block Gamma,573,False,True,False,True,False,660.0,quintals,94.2,86.7,27.1,6.6,False,45.0,46.3,CRITICAL,Urgent Infrastructure & Welfare Taskforce
SCH-1070,Adarsh Vidyalaya 70,North Valley,Block Delta,94,False,True,True,False,False,2671.7,kg,56.2,48.4,19.4,2671.7,False,55.0,38.9,HIGH,District Officer Advisory
SCH-1071,Sarvodaya Kanya School 71,Central Zila,Block Gamma,704,True,True,True,True,False,1197.2,kg,64.0,84.6,9.6,1197.2,False,100.0,59.2,HIGH,District Officer Advisory
SCH-1072,Govt High School 72,South Hill,Block Epsilon,218,False,False,False,True,True,3321.7,kg,64.6,51.1,4.1,3321.7,False,15.0,55.4,HIGH,District Officer Advisory
SCH-1073,Zila Parishad School 73,East Coast,Block Alpha,459,True,False,False,True,False,3440.0,quintals,61.8,28.8,8.8,34.4,False,45.0,36.5,HIGH,District Officer Advisory
SCH-1074,Zila Parishad School 74,North Valley,Block Beta,737,True,False,True,True,False,3463.1,kg,84.5,59.9,17.0,3463.1,False,70.0,53.4,HIGH,District Officer Advisory
SCH-1075,Model Primary School 75,East Coast,Block Beta,690,True,False,True,True,True,2840.0,qtl,47.9,47.6,22.4,28.4,False,70.0,72.4,CRITICAL,Urgent Infrastructure & Welfare Taskforce
SCH-1076,Govt High School 76,South Hill,Block Gamma,133,True,True,False,True,True,409.7,kg,66.2,53.5,7.4,409.7,False,75.0,79.9,MEDIUM,Standard Monitoring
SCH-1077,Sarvodaya Kanya School 77,East Coast,Block Delta,738,True,True,False,False,False,556.3,kg,80.5,45.3,5.4,556.3,False,60.0,48.2,MEDIUM,Standard Monitoring
SCH-1078,Sarvodaya Kanya School 78,Lake Plateau,Block Epsilon,641,True,False,False,False,True,1700.0,qtl,74.7,69.2,24.1,17.0,False,30.0,64.4,CRITICAL,Urgent Infrastructure & Welfare Taskforce
SCH-1079,Sarvodaya Kanya School 79,Lake Plateau,Block Beta,520,False,True,False,False,False,1572.8,kilograms,47.1,48.6,5.5,1572.8,False,30.0,26.1,CRITICAL,Urgent Infrastructure & Welfare Taskforce
SCH-1080,Govt High School 80,North Valley,Block Alpha,175,False,True,True,True,False,630.0,quintal,45.2,67.2,12.4,6.3,False,70.0,41.6,HIGH,District Officer Advisory
SCH-1081,Zila Parishad School 81,Lake Plateau,Block Alpha,374,False,False,False,True,False,900.0,ton,77.5,78.3,11.2,0.9,False,15.0,29.2,HIGH,District Officer Advisory
SCH-1082,Sarvodaya Kanya School 82,South Hill,Block Delta,654,False,False,True,True,True,2210.0,quintals,78.0,42.2,21.7,22.1,False,40.0,69.4,CRITICAL,Urgent Infrastructure & Welfare Taskforce
SCH-1083,Adarsh Vidyalaya 83,North Valley,Block Beta,226,False,True,False,True,True,2289.5,kg,43.7,51.4,10.5,2289.5,False,45.0,61.1,HIGH,District Officer Advisory
SCH-1084,Adarsh Vidyalaya 84,Central Zila,Block Epsilon,166,True,True,True,False,True,469.2,kg,65.9,51.1,7.2,469.2,False,85.0,83.8,MEDIUM,Standard Monitoring
SCH-1085,Adarsh Vidyalaya 85,West Plain,Block Alpha,370,True,True,False,False,True,1217.8,kg,54.0,37.9,26.6,1217.8,False,60.0,70.2,CRITICAL,Urgent Infrastructure & Welfare Taskforce
SCH-1086,Adarsh Vidyalaya 86,East Coast,Block Gamma,202,True,False,True,False,True,1454.7,kg,80.0,75.8,3.4,1454.7,False,55.0,76.0,MEDIUM,Standard Monitoring
SCH-1087,Govt High School 87,West Plain,Block Alpha,550,True,False,False,False,False,2541.3,kilograms,64.6,26.3,10.1,2541.3,False,30.0,31.4,HIGH,District Officer Advisory
SCH-1088,Sarvodaya Kanya School 88,West Plain,Block Gamma,170,False,True,True,False,False,1929.1,kilograms,63.4,46.0,6.0,1929.1,False,55.0,41.0,HIGH,District Officer Advisory
SCH-1089,Govt High School 89,Central Zila,Block Epsilon,278,False,False,True,True,True,539.3,kg,55.8,72.8,3.5,539.3,False,40.0,62.7,HIGH,District Officer Advisory
SCH-1090,Zila Parishad School 90,West Plain,Block Epsilon,673,False,True,False,True,True,1270.0,ton,94.4,54.5,18.2,1.27,False,45.0,76.3,HIGH,District Officer Advisory
SCH-1091,Sarvodaya Kanya School 91,North Valley,Block Gamma,599,True,False,False,False,True,1420.0,quintals,57.5,30.7,17.2,14.2,False,30.0,59.2,HIGH,District Officer Advisory
SCH-1092,Sarvodaya Kanya School 92,Central Zila,Block Alpha,540,False,True,True,False,False,1854.5,kilograms,93.7,77.8,27.5,1854.5,False,55.0,50.1,CRITICAL,Urgent Infrastructure & Welfare Taskforce
SCH-1093,Model Primary School 93,North Valley,Block Beta,528,False,True,True,False,True,1430.0,qtl,57.3,62.7,22.4,14.3,False,55.0,69.2,CRITICAL,Urgent Infrastructure & Welfare Taskforce
SCH-1094,Govt High School 94,East Coast,Block Alpha,651,True,False,False,False,True,2370.0,quintal,90.9,61.7,5.2,23.7,False,30.0,69.3,HIGH,District Officer Advisory
SCH-1095,Zila Parishad School 95,South Hill,Block Epsilon,166,False,True,False,True,False,620.0,quintal,80.0,82.5,4.0,6.2,False,45.0,42.0,HIGH,District Officer Advisory
SCH-1096,Sarvodaya Kanya School 96,East Coast,Block Alpha,451,False,True,True,False,False,947.6,kg,49.4,78.2,4.2,947.6,False,55.0,36.8,HIGH,District Officer Advisory
SCH-1097,Sarvodaya Kanya School 97,North Valley,Block Gamma,712,True,False,False,True,True,2943.4,kg,83.6,52.6,12.4,2943.4,False,45.0,73.1,HIGH,District Officer Advisory
SCH-1098,Model Primary School 98,West Plain,Block Epsilon,371,True,False,True,True,True,3390.0,qtl,84.4,67.7,16.6,33.9,False,70.0,83.3,HIGH,District Officer Advisory
SCH-1099,Adarsh Vidyalaya 99,West Plain,Block Epsilon,620,False,True,True,False,True,1030.0,quintal,76.6,31.5,23.9,10.3,False,55.0,75.0,CRITICAL,Urgent Infrastructure & Welfare Taskforce
SCH-1100,Adarsh Vidyalaya 100,North Valley,Block Beta,359,False,True,True,False,True,2895.1,kg,89.8,50.0,11.4,2895.1,False,55.0,78.9,MEDIUM,Standard Monitoring
SCH-1101,Govt High School 101,East Coast,Block Beta,108,False,True,True,True,False,680.0,quintal,44.1,77.4,21.6,6.8,False,70.0,41.2,CRITICAL,Urgent Infrastructure & Welfare Taskforce
SCH-1102,Sarvodaya Kanya School 102,North Valley,Block Alpha,99,False,True,True,True,True,1940.0,ton,48.0,28.0,12.6,1.94,False,70.0,72.4,HIGH,District Officer Advisory
SCH-1103,Zila Parishad School 103,North Valley,Block Alpha,591,False,True,True,True,True,1000.0,ton,49.8,40.2,12.5,1.0,False,70.0,72.9,HIGH,District Officer Advisory
SCH-1104,Govt High School 104,Central Zila,Block Gamma,149,True,True,True,True,True,1490.0,quintals,67.4,41.0,1.9,14.9,False,100.0,90.2,LOW,Routine Maintenance
SCH-1105,Adarsh Vidyalaya 105,South Hill,Block Alpha,675,True,False,True,True,False,1320.0,ton,76.7,86.8,14.2,1.32,False,70.0,51.0,HIGH,District Officer Advisory
SCH-1106,Model Primary School 106,North Valley,Block Delta,117,False,True,True,True,True,3280.0,qtl,69.8,41.0,21.5,32.8,False,70.0,78.9,CRITICAL,Urgent Infrastructure & Welfare Taskforce
SCH-1107,Adarsh Vidyalaya 107,North Valley,Block Gamma,359,True,False,False,False,True,3152.3,kilograms,62.9,56.3,26.0,3152.3,False,30.0,60.9,CRITICAL,Urgent Infrastructure & Welfare Taskforce
SCH-1108,Govt High School 108,Lake Plateau,Block Delta,160,False,False,True,True,False,540.0,qtl,59.7,70.2,5.9,5.4,False,40.0,33.9,HIGH,District Officer Advisory
SCH-1109,Zila Parishad School 109,North Valley,Block Gamma,709,False,False,True,True,True,2303.8,kg,61.6,85.0,5.3,2303.8,False,40.0,64.5,HIGH,District Officer Advisory
SCH-1110,Zila Parishad School 110,North Valley,Block Beta,148,True,True,False,False,False,310.0,ton,50.3,53.0,3.5,0.31,False,60.0,39.1,HIGH,District Officer Advisory
SCH-1111,Adarsh Vidyalaya 111,West Plain,Block Gamma,745,False,True,True,True,True,1846.8,kg,62.9,41.4,13.3,1846.8,False,70.0,76.9,HIGH,District Officer Advisory
SCH-1112,Adarsh Vidyalaya 112,Lake Plateau,Block Delta,284,True,True,True,False,True,1668.9,kg,46.7,45.1,10.7,1668.9,False,85.0,78.0,HIGH,District Officer Advisory
SCH-1113,Sarvodaya Kanya School 113,East Coast,Block Gamma,241,True,True,True,True,True,1390.0,quintal,54.1,39.9,14.6,13.9,False,100.0,86.2,HIGH,District Officer Advisory
SCH-1114,Sarvodaya Kanya School 114,East Coast,Block Delta,644,True,False,True,True,False,3498.7,kilograms,80.8,76.9,3.5,3498.7,False,70.0,52.2,MEDIUM,Standard Monitoring
SCH-1115,Govt High School 115,West Plain,Block Delta,609,False,True,True,True,False,2733.7,kg,49.0,77.4,15.2,2733.7,False,70.0,42.7,HIGH,District Officer Advisory
SCH-1116,Model Primary School 116,East Coast,Block Beta,434,True,False,True,False,True,3356.0,kg,56.8,30.9,18.5,3356.0,False,55.0,69.0,HIGH,District Officer Advisory
SCH-1117,Sarvodaya Kanya School 117,South Hill,Block Beta,719,True,False,False,False,True,3050.0,quintal,46.4,41.7,7.1,30.5,False,30.0,55.9,CRITICAL,Urgent Infrastructure & Welfare Taskforce
SCH-1118,Sarvodaya Kanya School 118,Lake Plateau,Block Alpha,589,True,True,False,True,False,1008.1,kilograms,85.6,68.4,5.7,1008.1,False,75.0,55.7,LOW,Routine Maintenance
SCH-1119,Zila Parishad School 119,South Hill,Block Gamma,701,True,False,True,False,True,1340.0,quintal,63.5,31.7,7.9,13.4,False,55.0,71.0,HIGH,District Officer Advisory
SCH-1120,Zila Parishad School 120,South Hill,Block Beta,179,True,False,False,False,False,3376.9,kg,90.7,70.4,6.5,3376.9,False,30.0,39.2,HIGH,District Officer Advisory
SCH-1121,Sarvodaya Kanya School 121,West Plain,Block Delta,395,False,True,True,False,True,3390.1,kilograms,54.0,56.2,24.9,3390.1,False,55.0,68.2,CRITICAL,Urgent Infrastructure & Welfare Taskforce
SCH-1122,Zila Parishad School 122,East Coast,Block Epsilon,88,True,False,True,False,True,2720.0,qtl,61.8,37.3,16.2,27.2,False,55.0,70.5,HIGH,District Officer Advisory
SCH-1123,Sarvodaya Kanya School 123,West Plain,Block Epsilon,366,False,True,False,True,True,1500.0,quintals,84.9,72.6,6.8,15.0,False,45.0,73.5,HIGH,District Officer Advisory
SCH-1124,Sarvodaya Kanya School 124,North Valley,Block Alpha,119,True,True,False,False,True,691.5,kilograms,90.2,83.7,9.9,691.5,False,60.0,81.1,MEDIUM,Standard Monitoring
SCH-1125,Sarvodaya Kanya School 125,Lake Plateau,Block Gamma,687,False,True,True,True,False,2057.7,kg,67.6,45.9,4.4,2057.7,False,70.0,48.3,MEDIUM,Standard Monitoring
SCH-1126,Adarsh Vidyalaya 126,Lake Plateau,Block Alpha,691,False,False,True,False,False,2580.6,kg,73.5,64.0,23.8,2580.6,False,25.0,32.0,CRITICAL,Urgent Infrastructure & Welfare Taskforce
SCH-1127,Model Primary School 127,North Valley,Block Epsilon,192,True,True,False,False,False,1562.8,kg,53.0,54.7,24.0,1562.8,False,60.0,39.9,CRITICAL,Urgent Infrastructure & Welfare Taskforce
SCH-1128,Model Primary School 128,Central Zila,Block Beta,654,False,True,False,True,False,3360.0,qtl,66.8,67.6,24.5,33.6,False,45.0,38.0,CRITICAL,Urgent Infrastructure & Welfare Taskforce
SCH-1129,Adarsh Vidyalaya 129,Central Zila,Block Delta,276,True,False,True,False,True,2740.0,qtl,80.1,55.2,16.4,27.4,False,55.0,76.0,HIGH,District Officer Advisory
SCH-1130,Adarsh Vidyalaya 130,East Coast,Block Alpha,667,True,True,False,False,False,2860.0,quintal,57.7,46.8,13.2,28.6,False,60.0,41.3,HIGH,District Officer Advisory
SCH-1131,Zila Parishad School 131,South Hill,Block Beta,631,False,True,True,False,True,2230.0,quintals,73.7,58.5,18.4,22.3,False,55.0,74.1,HIGH,District Officer Advisory
SCH-1132,Zila Parishad School 132,East Coast,Block Delta,182,True,True,True,True,True,2354.5,kilograms,89.6,72.6,9.1,2354.5,False,100.0,96.9,MEDIUM,Standard Monitoring
SCH-1133,Govt High School 133,North Valley,Block Epsilon,317,True,True,True,True,True,3111.4,kilograms,51.5,50.0,14.6,3111.4,False,100.0,85.4,HIGH,District Officer Advisory
SCH-1134,Adarsh Vidyalaya 134,North Valley,Block Alpha,385,False,False,True,False,False,3464.0,kilograms,71.3,78.6,13.9,3464.0,False,25.0,31.4,HIGH,District Officer Advisory
SCH-1135,Govt High School 135,East Coast,Block Beta,549,True,False,True,True,True,1312.5,kg,57.9,63.5,18.4,1312.5,False,70.0,75.4,HIGH,District Officer Advisory
SCH-1136,Zila Parishad School 136,Central Zila,Block Gamma,168,False,True,True,True,True,1267.9,kilograms,55.4,72.5,26.8,1267.9,False,70.0,74.6,CRITICAL,Urgent Infrastructure & Welfare Taskforce
SCH-1137,Sarvodaya Kanya School 137,North Valley,Block Gamma,749,False,True,True,True,True,1740.0,quintals,50.6,80.9,21.9,17.4,False,70.0,73.2,CRITICAL,Urgent Infrastructure & Welfare Taskforce
SCH-1138,Adarsh Vidyalaya 138,East Coast,Block Epsilon,306,True,True,False,True,False,3463.2,kg,62.2,72.7,22.8,3463.2,False,75.0,48.7,CRITICAL,Urgent Infrastructure & Welfare Taskforce
SCH-1139,Model Primary School 139,Lake Plateau,Block Epsilon,163,True,False,True,True,False,3230.0,quintals,48.1,37.7,15.7,32.3,False,70.0,42.4,HIGH,District Officer Advisory
SCH-1140,Sarvodaya Kanya School 140,West Plain,Block Alpha,290,True,False,False,True,True,2868.7,kilograms,66.5,28.6,13.8,2868.7,False,45.0,68.0,HIGH,District Officer Advisory
SCH-1141,Govt High School 141,West Plain,Block Gamma,83,True,True,False,True,False,1336.9,kilograms,100.0,12.5,26.0,1336.9,True,75.0,60.0,CRITICAL,Urgent Infrastructure & Welfare Taskforce
SCH-1142,Zila Parishad School 142,South Hill,Block Beta,736,True,True,False,False,False,3069.7,kilograms,91.0,66.7,15.8,3069.7,False,60.0,51.3,HIGH,District Officer Advisory
SCH-1143,Adarsh Vidyalaya 143,North Valley,Block Beta,630,False,True,True,True,True,210.0,quintal,43.2,59.3,15.6,2.1,False,70.0,71.0,HIGH,District Officer Advisory
SCH-1144,Model Primary School 144,West Plain,Block Gamma,238,False,True,True,True,True,2380.0,quintal,75.2,40.2,3.3,23.8,False,70.0,80.6,MEDIUM,Standard Monitoring
SCH-1145,Zila Parishad School 145,Central Zila,Block Alpha,330,True,True,False,False,True,920.0,ton,88.6,56.7,9.2,0.92,False,60.0,80.6,MEDIUM,Standard Monitoring
SCH-1146,Sarvodaya Kanya School 146,East Coast,Block Epsilon,692,True,False,True,False,True,1920.1,kg,64.3,62.3,21.0,1920.1,False,55.0,71.3,CRITICAL,Urgent Infrastructure & Welfare Taskforce
SCH-1147,Zila Parishad School 147,Central Zila,Block Delta,128,False,True,True,False,True,2500.0,qtl,64.0,58.9,7.9,25.0,False,55.0,71.2,HIGH,District Officer Advisory
SCH-1148,Model Primary School 148,West Plain,Block Alpha,655,False,False,True,True,True,1001.4,kilograms,53.0,78.4,4.0,1001.4,False,40.0,61.9,HIGH,District Officer Advisory
SCH-1149,Model Primary School 149,North Valley,Block Gamma,466,True,False,False,True,True,2855.3,kg,73.7,38.2,25.5,2855.3,False,45.0,70.1,CRITICAL,Urgent Infrastructure & Welfare Taskforce
SCH-1150,Govt High School 150,South Hill,Block Beta,200,True,False,True,True,False,874.9,kg,91.4,49.0,15.6,874.9,False,70.0,55.4,HIGH,District Officer Advisory
SCH-1151,Adarsh Vidyalaya 151,East Coast,Block Epsilon,589,False,True,True,False,False,1423.3,kg,64.4,34.2,8.4,1423.3,False,55.0,41.3,HIGH,District Officer Advisory
SCH-1152,Sarvodaya Kanya School 152,Lake Plateau,Block Delta,382,True,True,False,True,False,2950.0,ton,69.0,41.2,23.3,2.95,False,75.0,50.7,CRITICAL,Urgent Infrastructure & Welfare Taskforce
SCH-1153,Zila Parishad School 153,West Plain,Block Beta,440,True,True,True,True,False,3225.8,kg,71.0,27.1,23.9,3225.8,False,100.0,61.3,CRITICAL,Urgent Infrastructure & Welfare Taskforce
SCH-1154,Govt High School 154,North Valley,Block Delta,220,True,True,True,True,True,920.0,quintals,66.6,65.2,26.2,9.2,False,100.0,90.0,CRITICAL,Urgent Infrastructure & Welfare Taskforce
SCH-1155,Zila Parishad School 155,North Valley,Block Alpha,624,True,False,True,True,True,1106.6,kg,94.8,76.2,19.4,1106.6,False,70.0,86.4,HIGH,District Officer Advisory
SCH-1156,Model Primary School 156,North Valley,Block Alpha,616,True,True,True,False,True,2890.0,qtl,56.4,50.6,16.5,28.9,False,85.0,80.9,HIGH,District Officer Advisory
SCH-1157,Model Primary School 157,East Coast,Block Alpha,749,True,True,True,False,False,2023.9,kilograms,45.0,35.8,14.7,2023.9,False,85.0,47.5,HIGH,District Officer Advisory
SCH-1158,Adarsh Vidyalaya 158,Central Zila,Block Alpha,620,True,True,True,True,False,1094.6,kilograms,91.9,59.2,18.9,1094.6,False,100.0,67.6,HIGH,District Officer Advisory
SCH-1159,Adarsh Vidyalaya 159,North Valley,Block Beta,681,True,True,False,True,False,2061.1,kg,72.6,59.1,11.7,2061.1,False,75.0,51.8,MEDIUM,Standard Monitoring
SCH-1160,Govt High School 160,Central Zila,Block Gamma,134,True,False,True,True,False,2740.0,ton,93.6,26.9,8.7,2.74,False,70.0,56.1,MEDIUM,Standard Monitoring
SCH-1161,Zila Parishad School 161,South Hill,Block Gamma,646,False,False,True,True,False,1454.2,kg,83.7,29.6,8.6,1454.2,False,40.0,41.1,HIGH,District Officer Advisory
SCH-1162,Model Primary School 162,Lake Plateau,Block Delta,404,False,True,True,True,False,1387.7,kilograms,56.6,36.8,13.4,1387.7,False,70.0,45.0,HIGH,District Officer Advisory
SCH-1163,Zila Parishad School 163,North Valley,Block Alpha,171,False,True,True,False,False,1270.0,quintal,62.8,30.3,25.4,12.7,False,55.0,40.8,CRITICAL,Urgent Infrastructure & Welfare Taskforce
SCH-1164,Model Primary School 164,Central Zila,Block Epsilon,253,True,False,True,True,False,1090.0,qtl,49.9,43.9,22.2,10.9,False,70.0,43.0,CRITICAL,Urgent Infrastructure & Welfare Taskforce
SCH-1165,Model Primary School 165,Lake Plateau,Block Delta,688,False,True,False,True,True,220.0,qtl,63.4,79.3,13.2,2.2,False,45.0,67.0,HIGH,District Officer Advisory
SCH-1166,Sarvodaya Kanya School 166,South Hill,Block Gamma,408,False,True,True,False,False,3383.1,kg,94.3,55.9,16.8,3383.1,False,55.0,50.3,HIGH,District Officer Advisory
SCH-1167,Zila Parishad School 167,East Coast,Block Delta,453,True,False,True,False,True,2449.7,kg,71.7,69.6,13.1,2449.7,False,55.0,73.5,HIGH,District Officer Advisory
SCH-1168,Govt High School 168,West Plain,Block Delta,222,True,False,True,False,True,2560.3,kg,84.6,87.4,14.2,2560.3,False,55.0,77.4,HIGH,District Officer Advisory
SCH-1169,Sarvodaya Kanya School 169,Lake Plateau,Block Delta,636,True,False,True,True,False,3217.5,kg,47.9,35.5,17.7,3217.5,False,70.0,42.4,HIGH,District Officer Advisory
SCH-1170,Zila Parishad School 170,East Coast,Block Delta,188,True,True,False,True,True,1912.0,kg,73.3,49.6,22.0,1912.0,False,75.0,82.0,CRITICAL,Urgent Infrastructure & Welfare Taskforce
SCH-1171,Sarvodaya Kanya School 171,South Hill,Block Gamma,105,False,True,False,False,True,2940.0,quintals,81.4,74.4,15.3,29.4,False,30.0,66.4,HIGH,District Officer Advisory
SCH-1172,Govt High School 172,West Plain,Block Delta,406,True,False,True,True,True,3000.0,quintals,77.0,87.0,8.0,30.0,False,70.0,81.1,MEDIUM,Standard Monitoring
SCH-1173,Model Primary School 173,East Coast,Block Epsilon,516,False,True,False,True,True,2313.6,kg,65.3,63.7,6.7,2313.6,False,45.0,67.6,HIGH,District Officer Advisory
SCH-1174,Zila Parishad School 174,North Valley,Block Beta,290,False,True,True,False,True,3080.0,quintal,52.1,41.5,24.4,30.8,False,55.0,67.6,CRITICAL,Urgent Infrastructure & Welfare Taskforce
SCH-1175,Adarsh Vidyalaya 175,Central Zila,Block Delta,705,False,False,True,False,False,1710.0,quintal,51.3,82.9,17.1,17.1,False,25.0,25.4,HIGH,District Officer Advisory
SCH-1176,Adarsh Vidyalaya 176,North Valley,Block Beta,392,True,True,False,True,True,1480.0,ton,74.2,55.7,15.7,1.48,False,75.0,82.3,HIGH,District Officer Advisory
SCH-1177,Model Primary School 177,Central Zila,Block Beta,581,False,True,True,False,False,380.0,ton,61.4,33.6,23.1,0.38,False,55.0,40.4,CRITICAL,Urgent Infrastructure & Welfare Taskforce
SCH-1178,Sarvodaya Kanya School 178,Lake Plateau,Block Delta,498,True,False,False,True,False,751.9,kilograms,72.5,27.1,7.5,751.9,False,45.0,39.8,HIGH,District Officer Advisory
SCH-1179,Zila Parishad School 179,Central Zila,Block Delta,642,True,True,False,True,False,1990.0,quintal,95.5,72.9,13.2,19.9,True,75.0,58.6,HIGH,District Officer Advisory
SCH-1180,Zila Parishad School 180,North Valley,Block Beta,384,True,False,False,False,True,3055.5,kilograms,48.3,71.5,19.8,3055.5,False,30.0,56.5,CRITICAL,Urgent Infrastructure & Welfare Taskforce
SCH-1181,Sarvodaya Kanya School 181,Lake Plateau,Block Delta,249,False,True,True,True,True,1360.0,ton,57.2,69.4,9.2,1.36,False,70.0,75.2,HIGH,District Officer Advisory
SCH-1182,Sarvodaya Kanya School 182,Lake Plateau,Block Alpha,218,False,True,False,True,True,3058.1,kg,55.5,73.0,19.4,3058.1,False,45.0,64.6,HIGH,District Officer Advisory
SCH-1183,Sarvodaya Kanya School 183,Lake Plateau,Block Gamma,722,False,False,False,True,True,3100.0,quintal,47.0,84.0,11.3,31.0,False,15.0,50.1,CRITICAL,Urgent Infrastructure & Welfare Taskforce
SCH-1184,Adarsh Vidyalaya 184,Central Zila,Block Alpha,175,True,False,True,True,True,3010.0,qtl,85.0,77.0,14.6,30.1,False,70.0,83.5,HIGH,District Officer Advisory
SCH-1185,Adarsh Vidyalaya 185,East Coast,Block Epsilon,671,True,False,False,False,True,360.0,quintal,47.4,32.8,24.2,3.6,False,30.0,56.2,CRITICAL,Urgent Infrastructure & Welfare Taskforce
SCH-1186,Govt High School 186,West Plain,Block Beta,215,True,False,True,False,True,1389.4,kg,46.5,28.3,18.1,1389.4,False,55.0,66.0,HIGH,District Officer Advisory
SCH-1187,Model Primary School 187,West Plain,Block Alpha,177,True,True,False,True,True,950.0,ton,78.7,68.8,23.2,0.95,False,75.0,83.6,CRITICAL,Urgent Infrastructure & Welfare Taskforce
SCH-1188,Zila Parishad School 188,Lake Plateau,Block Beta,569,True,True,False,True,True,540.0,quintal,58.9,73.7,21.5,5.4,False,75.0,77.7,CRITICAL,Urgent Infrastructure & Welfare Taskforce
SCH-1189,Model Primary School 189,North Valley,Block Epsilon,656,True,False,True,True,False,2580.0,qtl,75.9,68.3,24.3,25.8,False,70.0,50.8,CRITICAL,Urgent Infrastructure & Welfare Taskforce
SCH-1190,Govt High School 190,South Hill,Block Alpha,683,True,False,False,False,False,660.0,quintal,57.0,59.9,17.4,6.6,False,30.0,29.1,HIGH,District Officer Advisory
SCH-1191,Govt High School 191,Lake Plateau,Block Gamma,290,True,False,True,True,True,1175.3,kilograms,44.9,56.2,4.5,1175.3,False,70.0,71.5,HIGH,District Officer Advisory
SCH-1192,Sarvodaya Kanya School 192,North Valley,Block Epsilon,92,False,False,True,False,False,1405.9,kilograms,78.9,73.5,1.9,1405.9,False,25.0,33.7,HIGH,District Officer Advisory
SCH-1193,Adarsh Vidyalaya 193,South Hill,Block Alpha,141,False,True,False,True,True,2730.0,ton,64.9,58.9,5.5,2.73,False,45.0,67.5,HIGH,District Officer Advisory
SCH-1194,Govt High School 194,Central Zila,Block Beta,239,True,False,False,False,True,2950.0,quintal,78.8,69.0,20.8,29.5,False,30.0,65.6,CRITICAL,Urgent Infrastructure & Welfare Taskforce
SCH-1195,Govt High School 195,South Hill,Block Alpha,524,True,False,False,False,True,2400.0,qtl,78.0,33.6,1.8,24.0,False,30.0,65.4,HIGH,District Officer Advisory
SCH-1196,Adarsh Vidyalaya 196,Central Zila,Block Epsilon,345,True,False,True,True,False,3125.2,kg,83.7,75.8,8.7,3125.2,False,70.0,53.1,MEDIUM,Standard Monitoring
SCH-1197,Sarvodaya Kanya School 197,Lake Plateau,Block Alpha,588,False,True,False,True,False,2070.0,quintal,61.9,61.2,20.7,20.7,False,45.0,36.6,CRITICAL,Urgent Infrastructure & Welfare Taskforce
SCH-1198,Sarvodaya Kanya School 198,North Valley,Block Alpha,92,True,True,False,False,False,790.6,kg,93.9,75.6,20.4,790.6,False,60.0,52.2,CRITICAL,Urgent Infrastructure & Welfare Taskforce
SCH-1199,Model Primary School 199,East Coast,Block Beta,506,True,False,False,True,False,590.0,qtl,78.4,39.1,15.2,5.9,False,45.0,41.5,HIGH,District Officer Advisory
SCH-1200,Zila Parishad School 200,North Valley,Block Delta,369,False,False,True,True,False,1420.0,quintals,57.7,40.3,11.3,14.2,False,40.0,33.3,HIGH,District Officer Advisory
SCH-1201,Model Primary School 201,Lake Plateau,Block Epsilon,331,True,True,False,True,True,1340.0,ton,87.3,25.1,18.9,1.34,False,75.0,86.2,HIGH,District Officer Advisory
SCH-1202,Adarsh Vidyalaya 202,North Valley,Block Beta,622,True,False,False,True,True,1123.4,kg,44.4,51.0,25.2,1123.4,False,45.0,61.3,CRITICAL,Urgent Infrastructure & Welfare Taskforce
SCH-1203,Govt High School 203,Central Zila,Block Alpha,597,True,True,False,True,False,410.0,ton,77.8,43.4,24.0,0.41,False,75.0,53.3,CRITICAL,Urgent Infrastructure & Welfare Taskforce
SCH-1204,Zila Parishad School 204,Lake Plateau,Block Gamma,405,False,False,True,True,True,2773.8,kg,73.6,54.4,12.3,2773.8,False,40.0,68.1,HIGH,District Officer Advisory
SCH-1205,Model Primary School 205,West Plain,Block Gamma,554,False,True,True,True,True,2930.0,qtl,79.6,77.7,10.2,29.3,False,70.0,81.9,MEDIUM,Standard Monitoring
SCH-1206,Model Primary School 206,East Coast,Block Delta,605,True,True,False,False,True,3340.0,quintals,88.1,31.0,4.2,33.4,False,60.0,80.4,MEDIUM,Standard Monitoring
SCH-1207,Govt High School 207,North Valley,Block Alpha,307,True,True,False,False,True,3294.0,kg,46.5,29.7,27.9,3294.0,False,60.0,68.0,CRITICAL,Urgent Infrastructure & Welfare Taskforce
SCH-1208,Zila Parishad School 208,South Hill,Block Alpha,419,True,True,False,True,True,1630.0,ton,81.1,51.9,10.9,1.63,False,75.0,84.3,MEDIUM,Standard Monitoring
SCH-1209,Adarsh Vidyalaya 209,East Coast,Block Delta,232,True,False,False,False,True,1173.8,kg,64.0,42.6,5.1,1173.8,False,30.0,61.2,HIGH,District Officer Advisory
SCH-1210,Sarvodaya Kanya School 210,South Hill,Block Epsilon,99,False,True,False,False,True,1800.0,quintal,91.3,36.3,10.0,18.0,False,30.0,69.4,HIGH,District Officer Advisory
SCH-1211,Adarsh Vidyalaya 211,North Valley,Block Delta,622,False,False,True,True,True,2367.7,kg,56.4,28.5,27.9,2367.7,False,40.0,62.9,CRITICAL,Urgent Infrastructure & Welfare Taskforce
SCH-1212,Zila Parishad School 212,East Coast,Block Beta,260,True,False,False,True,True,3220.0,qtl,43.5,60.5,16.4,32.2,False,45.0,61.0,HIGH,District Officer Advisory
SCH-1213,Zila Parishad School 213,Central Zila,Block Gamma,259,False,True,True,True,True,920.0,ton,70.4,82.8,6.8,0.92,False,70.0,79.1,MEDIUM,Standard Monitoring
SCH-1214,Model Primary School 214,East Coast,Block Alpha,102,True,False,True,True,True,1940.0,quintal,61.7,69.4,19.0,19.4,False,70.0,76.5,HIGH,District Officer Advisory
SCH-1215,Adarsh Vidyalaya 215,East Coast,Block Gamma,219,True,True,False,True,False,1247.0,kg,80.2,63.7,11.0,1247.0,False,75.0,54.1,MEDIUM,Standard Monitoring
SCH-1216,Model Primary School 216,West Plain,Block Gamma,381,True,True,True,True,True,1490.0,ton,96.0,63.0,25.9,1.49,False,100.0,98.8,CRITICAL,Urgent Infrastructure & Welfare Taskforce
SCH-1217,Model Primary School 217,Lake Plateau,Block Epsilon,186,False,True,False,True,True,1344.5,kg,59.3,76.8,19.3,1344.5,False,45.0,65.8,HIGH,District Officer Advisory
SCH-1218,Adarsh Vidyalaya 218,West Plain,Block Alpha,351,True,True,True,True,False,2800.0,qtl,80.9,52.6,12.6,28.0,False,100.0,64.3,HIGH,District Officer Advisory
SCH-1219,Zila Parishad School 219,West Plain,Block Delta,439,True,False,True,False,False,2702.2,kg,54.2,27.1,2.0,2702.2,False,55.0,38.3,HIGH,District Officer Advisory
SCH-1220,Govt High School 220,North Valley,Block Gamma,254,False,True,True,True,True,1320.0,quintals,95.2,52.2,18.8,13.2,False,70.0,86.6,HIGH,District Officer Advisory
SCH-1221,Zila Parishad School 221,South Hill,Block Alpha,183,False,True,True,False,True,2580.0,ton,81.4,40.0,2.8,2.58,False,55.0,76.4,MEDIUM,Standard Monitoring
SCH-1222,Zila Parishad School 222,South Hill,Block Alpha,449,True,False,True,False,True,2180.7,kg,52.8,35.8,9.2,2180.7,False,55.0,67.8,HIGH,District Officer Advisory
SCH-1223,Govt High School 223,East Coast,Block Delta,562,False,True,False,True,True,1480.0,ton,62.0,27.8,13.2,1.48,False,45.0,66.6,HIGH,District Officer Advisory
SCH-1224,Adarsh Vidyalaya 224,Central Zila,Block Alpha,234,True,True,True,True,True,2870.0,qtl,64.4,28.8,11.8,28.7,False,100.0,89.3,HIGH,District Officer Advisory
SCH-1225,Sarvodaya Kanya School 225,Lake Plateau,Block Delta,666,True,False,False,True,False,2560.0,quintal,69.1,67.7,17.9,25.6,False,45.0,38.7,HIGH,District Officer Advisory
SCH-1226,Zila Parishad School 226,South Hill,Block Beta,296,True,True,True,False,True,1636.8,kg,95.9,41.2,25.6,1636.8,False,85.0,92.8,CRITICAL,Urgent Infrastructure & Welfare Taskforce
SCH-1227,Govt High School 227,North Valley,Block Delta,649,False,True,False,False,True,3226.6,kilograms,42.7,74.2,4.5,3226.6,False,30.0,54.8,CRITICAL,Urgent Infrastructure & Welfare Taskforce
SCH-1228,Sarvodaya Kanya School 228,Central Zila,Block Epsilon,182,True,False,True,False,True,3100.0,qtl,56.3,54.8,6.1,31.0,False,55.0,68.9,HIGH,District Officer Advisory
SCH-1229,Sarvodaya Kanya School 229,Central Zila,Block Delta,119,False,False,True,True,True,1768.2,kg,56.5,75.0,9.7,1768.2,False,40.0,63.0,HIGH,District Officer Advisory
SCH-1230,Govt High School 230,South Hill,Block Beta,387,True,False,False,False,True,2196.4,kilograms,46.8,50.7,14.3,2196.4,False,30.0,56.0,CRITICAL,Urgent Infrastructure & Welfare Taskforce
SCH-1231,Adarsh Vidyalaya 231,North Valley,Block Epsilon,242,True,False,True,True,False,2775.7,kg,70.3,80.1,6.8,2775.7,False,70.0,49.1,MEDIUM,Standard Monitoring
SCH-1232,Govt High School 232,West Plain,Block Alpha,449,True,True,False,False,False,1510.0,ton,91.8,55.8,13.3,1.51,False,60.0,51.5,HIGH,District Officer Advisory
SCH-1233,Zila Parishad School 233,Central Zila,Block Epsilon,438,False,True,False,True,True,1140.0,quintals,62.9,85.8,24.2,11.4,False,45.0,66.9,CRITICAL,Urgent Infrastructure & Welfare Taskforce
SCH-1234,Model Primary School 234,East Coast,Block Delta,605,True,True,True,False,True,771.6,kg,85.2,84.4,20.4,771.6,False,85.0,89.6,CRITICAL,Urgent Infrastructure & Welfare Taskforce
SCH-1235,Adarsh Vidyalaya 235,West Plain,Block Delta,437,False,False,True,False,False,1918.1,kg,76.0,88.0,27.1,1918.1,False,25.0,32.8,CRITICAL,Urgent Infrastructure & Welfare Taskforce
SCH-1236,Sarvodaya Kanya School 236,Lake Plateau,Block Epsilon,703,False,False,True,True,False,1310.0,quintals,56.9,66.3,26.7,13.1,False,40.0,33.1,CRITICAL,Urgent Infrastructure & Welfare Taskforce
SCH-1237,Model Primary School 237,South Hill,Block Epsilon,326,True,False,False,True,False,661.8,kg,43.4,82.1,12.2,661.8,False,45.0,31.0,HIGH,District Officer Advisory
SCH-1238,Sarvodaya Kanya School 238,Lake Plateau,Block Epsilon,274,False,True,True,True,True,2310.0,ton,67.7,43.9,6.0,2.31,False,70.0,78.3,MEDIUM,Standard Monitoring
SCH-1239,Sarvodaya Kanya School 239,South Hill,Block Gamma,179,False,True,True,False,True,2040.0,quintal,91.3,66.2,7.4,20.4,False,55.0,79.4,MEDIUM,Standard Monitoring
SCH-1240,Adarsh Vidyalaya 240,West Plain,Block Gamma,460,False,False,False,False,True,377.1,kilograms,76.3,54.7,6.7,377.1,False,0.0,52.9,HIGH,District Officer Advisory
SCH-1241,Zila Parishad School 241,Central Zila,Block Gamma,503,True,True,True,True,False,3457.7,kilograms,90.2,79.3,6.3,3457.7,False,100.0,67.1,MEDIUM,Standard Monitoring
SCH-1242,Adarsh Vidyalaya 242,Lake Plateau,Block Beta,400,True,True,True,False,False,2711.9,kg,51.1,73.1,3.8,2711.9,False,85.0,49.3,HIGH,District Officer Advisory
SCH-1243,Zila Parishad School 243,West Plain,Block Delta,568,False,True,True,True,True,1431.2,kg,42.8,37.0,19.4,1431.2,False,70.0,70.8,HIGH,District Officer Advisory
SCH-1244,Model Primary School 244,South Hill,Block Gamma,399,True,True,False,True,False,750.0,qtl,86.5,70.9,17.3,7.5,False,75.0,56.0,HIGH,District Officer Advisory
SCH-1245,Model Primary School 245,East Coast,Block Delta,447,True,True,False,True,True,2599.7,kg,49.1,35.6,11.2,2599.7,False,75.0,74.7,HIGH,District Officer Advisory
SCH-1246,Govt High School 246,West Plain,Block Gamma,627,False,True,False,True,True,2360.0,quintals,43.1,49.0,16.0,23.6,False,45.0,60.9,HIGH,District Officer Advisory
SCH-1247,Model Primary School 247,South Hill,Block Alpha,388,False,True,True,True,True,2260.0,qtl,79.8,57.2,17.9,22.6,False,70.0,81.9,HIGH,District Officer Advisory
SCH-1248,Govt High School 248,West Plain,Block Beta,703,True,False,True,True,False,1552.2,kg,50.7,68.4,14.2,1552.2,False,70.0,43.2,HIGH,District Officer Advisory
SCH-1249,Govt High School 249,Lake Plateau,Block Alpha,193,False,True,False,True,True,1890.0,quintal,81.1,41.1,7.6,18.9,False,45.0,72.3,HIGH,District Officer Advisory
SCH-1250,Adarsh Vidyalaya 250,East Coast,Block Delta,131,True,True,True,False,False,2430.0,quintal,100.0,12.5,26.0,24.3,True,85.0,64.0,CRITICAL,Urgent Infrastructure & Welfare Taskforce
SCH-1251,Model Primary School 251,Lake Plateau,Block Beta,416,False,False,False,False,True,1430.0,quintals,60.5,50.2,13.6,14.3,False,0.0,48.2,HIGH,District Officer Advisory
SCH-1252,Zila Parishad School 252,West Plain,Block Beta,195,True,True,True,True,True,1570.0,quintals,73.9,36.4,11.6,15.7,False,100.0,92.2,MEDIUM,Standard Monitoring
SCH-1253,Govt High School 253,Lake Plateau,Block Beta,574,False,True,False,False,True,1060.0,quintals,59.0,73.4,16.8,10.6,False,30.0,59.7,HIGH,District Officer Advisory
SCH-1254,Adarsh Vidyalaya 254,Central Zila,Block Epsilon,713,True,False,True,True,True,1341.0,kilograms,78.5,60.2,27.7,1341.0,False,70.0,81.6,CRITICAL,Urgent Infrastructure & Welfare Taskforce
SCH-1255,Model Primary School 255,Central Zila,Block Delta,587,True,True,False,False,True,3400.0,qtl,44.7,50.4,7.7,34.0,False,60.0,67.4,HIGH,District Officer Advisory
SCH-1256,Sarvodaya Kanya School 256,West Plain,Block Alpha,590,False,False,True,False,True,258.6,kg,63.8,59.6,23.4,258.6,False,25.0,59.1,CRITICAL,Urgent Infrastructure & Welfare Taskforce
SCH-1257,Sarvodaya Kanya School 257,Lake Plateau,Block Gamma,600,True,True,True,True,False,1400.0,qtl,44.9,60.3,17.9,14.0,False,100.0,53.5,HIGH,District Officer Advisory
SCH-1258,Adarsh Vidyalaya 258,Lake Plateau,Block Delta,196,True,True,True,True,False,2940.0,qtl,94.1,69.2,2.7,29.4,False,100.0,68.2,LOW,Routine Maintenance
SCH-1259,Model Primary School 259,Lake Plateau,Block Delta,189,False,False,True,True,True,1500.0,quintal,66.7,31.8,12.5,15.0,False,40.0,66.0,HIGH,District Officer Advisory
SCH-1260,Sarvodaya Kanya School 260,North Valley,Block Delta,548,True,False,True,True,False,1950.0,quintals,44.6,55.4,15.0,19.5,False,70.0,41.4,HIGH,District Officer Advisory
SCH-1261,Model Primary School 261,Lake Plateau,Block Epsilon,257,True,True,True,False,True,2200.0,ton,59.4,63.4,19.9,2.2,False,85.0,81.8,HIGH,District Officer Advisory
SCH-1262,Zila Parishad School 262,East Coast,Block Gamma,543,True,True,False,False,True,1890.6,kg,87.5,71.4,16.2,1890.6,False,60.0,80.2,HIGH,District Officer Advisory
SCH-1263,Model Primary School 263,Central Zila,Block Gamma,433,True,True,True,True,True,1990.0,ton,76.4,60.4,16.9,1.99,False,100.0,92.9,HIGH,District Officer Advisory
SCH-1264,Zila Parishad School 264,Lake Plateau,Block Epsilon,372,False,True,True,True,True,679.6,kilograms,78.2,35.1,9.1,679.6,False,70.0,81.5,MEDIUM,Standard Monitoring
SCH-1265,Govt High School 265,Lake Plateau,Block Gamma,288,True,True,False,False,True,3060.0,ton,81.9,60.4,7.8,3.06,False,60.0,78.6,MEDIUM,Standard Monitoring
SCH-1266,Adarsh Vidyalaya 266,Lake Plateau,Block Alpha,470,False,False,True,False,True,240.0,quintals,55.6,79.8,23.5,2.4,False,25.0,56.7,CRITICAL,Urgent Infrastructure & Welfare Taskforce
SCH-1267,Adarsh Vidyalaya 267,Central Zila,Block Epsilon,697,True,True,True,False,False,3445.4,kg,46.0,32.5,2.6,3445.4,False,85.0,47.8,HIGH,District Officer Advisory
SCH-1268,Adarsh Vidyalaya 268,South Hill,Block Beta,678,False,True,False,False,True,331.8,kg,92.1,64.4,23.8,331.8,False,30.0,69.6,CRITICAL,Urgent Infrastructure & Welfare Taskforce
SCH-1269,Sarvodaya Kanya School 269,Central Zila,Block Gamma,154,True,False,True,True,True,420.0,ton,69.3,30.8,7.4,0.42,False,70.0,78.8,MEDIUM,Standard Monitoring
SCH-1270,Adarsh Vidyalaya 270,East Coast,Block Gamma,380,True,False,True,False,True,2680.0,quintal,77.1,46.8,7.9,26.8,False,55.0,75.1,MEDIUM,Standard Monitoring
SCH-1271,Sarvodaya Kanya School 271,South Hill,Block Alpha,408,False,True,False,False,True,1133.3,kg,91.2,75.6,13.3,1133.3,False,30.0,69.4,HIGH,District Officer Advisory
SCH-1272,Model Primary School 272,East Coast,Block Epsilon,164,True,True,True,True,True,416.1,kg,78.2,51.7,4.3,416.1,False,100.0,93.5,LOW,Routine Maintenance
SCH-1273,Zila Parishad School 273,Lake Plateau,Block Alpha,237,True,False,True,False,True,440.0,quintals,52.0,76.8,25.6,4.4,False,55.0,67.6,CRITICAL,Urgent Infrastructure & Welfare Taskforce
SCH-1274,Zila Parishad School 274,Lake Plateau,Block Delta,523,False,True,False,True,True,220.0,ton,80.9,72.0,2.7,0.22,False,45.0,72.3,HIGH,District Officer Advisory
SCH-1275,Adarsh Vidyalaya 275,Central Zila,Block Alpha,376,True,False,False,True,False,3260.0,quintal,63.0,34.8,7.3,32.6,False,45.0,36.9,HIGH,District Officer Advisory
SCH-1276,Sarvodaya Kanya School 276,East Coast,Block Beta,385,True,True,True,False,True,3090.0,ton,49.6,61.1,11.9,3.09,False,85.0,78.9,HIGH,District Officer Advisory
SCH-1277,Govt High School 277,East Coast,Block Beta,432,True,False,True,True,True,807.2,kg,75.3,67.3,16.5,807.2,False,70.0,80.6,HIGH,District Officer Advisory
SCH-1278,Sarvodaya Kanya School 278,West Plain,Block Epsilon,154,False,True,True,False,True,2594.4,kg,68.3,66.3,4.2,2594.4,False,55.0,72.5,MEDIUM,Standard Monitoring
SCH-1279,Model Primary School 279,East Coast,Block Delta,541,False,False,True,False,True,700.0,ton,72.6,35.6,9.8,0.7,False,25.0,61.8,HIGH,District Officer Advisory
SCH-1280,Zila Parishad School 280,East Coast,Block Gamma,217,True,True,False,False,False,1383.8,kilograms,58.5,63.2,23.8,1383.8,False,60.0,41.6,CRITICAL,Urgent Infrastructure & Welfare Taskforce
SCH-1281,Model Primary School 281,Central Zila,Block Beta,349,True,True,True,True,False,3000.0,quintals,100.0,12.5,26.0,30.0,True,100.0,70.0,CRITICAL,Urgent Infrastructure & Welfare Taskforce
SCH-1282,Adarsh Vidyalaya 282,Central Zila,Block Epsilon,563,True,True,False,False,True,2150.0,quintal,88.3,56.6,3.9,21.5,False,60.0,80.5,MEDIUM,Standard Monitoring
SCH-1283,Govt High School 283,Lake Plateau,Block Beta,708,True,True,True,True,False,791.2,kg,93.2,71.4,14.3,791.2,False,100.0,68.0,HIGH,District Officer Advisory
SCH-1284,Model Primary School 284,West Plain,Block Beta,144,False,False,True,True,True,1909.0,kg,84.7,80.5,2.6,1909.0,False,40.0,71.4,HIGH,District Officer Advisory
SCH-1285,Govt High School 285,Lake Plateau,Block Epsilon,728,False,True,False,False,True,770.0,ton,77.3,77.6,15.2,0.77,False,30.0,65.2,HIGH,District Officer Advisory
SCH-1286,Model Primary School 286,Central Zila,Block Delta,441,False,False,False,False,True,3110.0,ton,65.8,42.7,5.5,3.11,False,0.0,49.7,HIGH,District Officer Advisory
SCH-1287,Sarvodaya Kanya School 287,Lake Plateau,Block Alpha,315,False,False,True,True,False,1780.1,kg,53.4,26.4,2.6,1780.1,False,40.0,32.0,HIGH,District Officer Advisory
SCH-1288,Model Primary School 288,South Hill,Block Epsilon,120,False,True,True,True,False,1904.9,kg,63.9,80.3,20.8,1904.9,False,70.0,47.2,CRITICAL,Urgent Infrastructure & Welfare Taskforce
SCH-1289,Govt High School 289,South Hill,Block Delta,701,False,False,True,True,False,670.0,ton,73.5,57.2,5.9,0.67,False,40.0,38.0,HIGH,District Officer Advisory
SCH-1290,Zila Parishad School 290,Central Zila,Block Epsilon,150,True,False,False,True,True,870.0,quintals,88.4,34.4,4.1,8.7,False,45.0,74.5,HIGH,District Officer Advisory
SCH-1291,Sarvodaya Kanya School 291,Central Zila,Block Alpha,624,True,True,True,False,True,3176.5,kg,71.1,84.1,19.5,3176.5,False,85.0,85.3,HIGH,District Officer Advisory
SCH-1292,Zila Parishad School 292,East Coast,Block Alpha,622,False,True,False,False,False,2860.0,ton,91.0,51.8,8.2,2.86,False,30.0,39.3,HIGH,District Officer Advisory
SCH-1293,Govt High School 293,East Coast,Block Epsilon,636,False,False,True,True,True,2805.1,kg,73.2,25.5,18.8,2805.1,False,40.0,68.0,HIGH,District Officer Advisory
SCH-1294,Adarsh Vidyalaya 294,West Plain,Block Gamma,189,True,False,True,False,False,3020.0,qtl,64.9,67.9,21.5,30.2,False,55.0,41.5,CRITICAL,Urgent Infrastructure & Welfare Taskforce
SCH-1295,Sarvodaya Kanya School 295,West Plain,Block Beta,459,True,True,False,False,False,1340.0,ton,80.1,66.5,21.3,1.34,False,60.0,48.0,CRITICAL,Urgent Infrastructure & Welfare Taskforce
SCH-1296,Model Primary School 296,North Valley,Block Beta,600,False,False,True,False,True,2532.4,kg,51.0,30.7,5.4,2532.4,False,25.0,55.3,HIGH,District Officer Advisory
SCH-1297,Zila Parishad School 297,North Valley,Block Alpha,349,True,False,True,False,True,1468.3,kg,95.2,69.8,17.3,1468.3,False,55.0,80.6,HIGH,District Officer Advisory
SCH-1298,Model Primary School 298,Lake Plateau,Block Delta,529,True,True,True,True,False,310.9,kg,74.4,35.7,2.5,310.9,False,100.0,62.3,LOW,Routine Maintenance
SCH-1299,Govt High School 299,South Hill,Block Alpha,362,False,False,True,False,False,860.0,ton,42.8,59.6,20.7,0.86,False,25.0,22.8,CRITICAL,Urgent Infrastructure & Welfare Taskforce
SCH-1300,Sarvodaya Kanya School 300,East Coast,Block Gamma,363,True,False,True,False,False,220.0,ton,51.5,56.7,10.5,0.22,False,55.0,37.4,HIGH,District Officer Advisory
SCH-1301,Sarvodaya Kanya School 301,East Coast,Block Epsilon,668,False,True,False,False,False,2740.9,kilograms,100.0,12.5,26.0,2740.9,True,30.0,42.0,CRITICAL,Urgent Infrastructure & Welfare Taskforce
SCH-1302,Govt High School 302,East Coast,Block Alpha,471,True,True,True,True,True,1240.0,quintal,94.0,77.4,8.1,12.4,False,100.0,98.2,MEDIUM,Standard Monitoring
SCH-1303,Adarsh Vidyalaya 303,North Valley,Block Epsilon,262,False,False,False,True,False,800.0,qtl,82.3,71.4,7.7,8.0,False,15.0,30.7,HIGH,District Officer Advisory
SCH-1304,Adarsh Vidyalaya 304,South Hill,Block Beta,287,True,False,False,True,True,3240.0,quintals,78.5,73.1,15.8,32.4,False,45.0,71.6,HIGH,District Officer Advisory
SCH-1305,Zila Parishad School 305,East Coast,Block Epsilon,402,False,False,False,False,True,3220.0,quintal,57.1,28.4,22.7,32.2,False,0.0,47.1,CRITICAL,Urgent Infrastructure & Welfare Taskforce
SCH-1306,Sarvodaya Kanya School 306,North Valley,Block Epsilon,435,False,True,True,False,True,1910.1,kg,59.0,67.5,11.6,1910.1,False,55.0,69.7,HIGH,District Officer Advisory
SCH-1307,Adarsh Vidyalaya 307,Central Zila,Block Gamma,271,True,False,True,False,False,1330.0,ton,51.9,72.4,11.2,1.33,False,55.0,37.6,HIGH,District Officer Advisory
SCH-1308,Zila Parishad School 308,South Hill,Block Epsilon,214,False,True,True,True,True,2850.0,qtl,72.0,75.4,21.1,28.5,False,70.0,79.6,CRITICAL,Urgent Infrastructure & Welfare Taskforce
SCH-1309,Govt High School 309,South Hill,Block Delta,591,True,True,True,True,True,2790.0,qtl,58.2,50.1,19.8,27.9,False,100.0,87.5,HIGH,District Officer Advisory
SCH-1310,Adarsh Vidyalaya 310,West Plain,Block Alpha,540,True,False,False,False,False,2040.0,ton,85.7,47.1,19.5,2.04,False,30.0,37.7,HIGH,District Officer Advisory
SCH-1311,Sarvodaya Kanya School 311,Central Zila,Block Epsilon,258,False,False,False,True,True,2756.7,kilograms,66.1,63.7,13.8,2756.7,False,15.0,55.8,HIGH,District Officer Advisory
SCH-1312,Model Primary School 312,Lake Plateau,Block Gamma,511,True,False,False,False,True,730.0,quintals,54.3,41.9,18.6,7.3,False,30.0,58.3,HIGH,District Officer Advisory
SCH-1313,Zila Parishad School 313,East Coast,Block Epsilon,613,False,False,True,True,True,2601.6,kg,77.7,30.0,5.9,2601.6,False,40.0,69.3,HIGH,District Officer Advisory
SCH-1314,Govt High School 314,West Plain,Block Epsilon,135,True,False,True,True,True,2240.0,qtl,46.6,39.4,21.0,22.4,False,70.0,72.0,CRITICAL,Urgent Infrastructure & Welfare Taskforce
SCH-1315,Model Primary School 315,South Hill,Block Epsilon,254,True,True,True,False,False,1770.0,quintal,94.6,53.0,27.2,17.7,False,85.0,62.4,CRITICAL,Urgent Infrastructure & Welfare Taskforce
SCH-1316,Model Primary School 316,Central Zila,Block Epsilon,547,True,True,True,False,False,2310.0,ton,70.8,39.3,3.9,2.31,False,85.0,55.2,LOW,Routine Maintenance
SCH-1317,Zila Parishad School 317,East Coast,Block Beta,390,True,True,True,True,False,1750.0,qtl,42.4,55.1,1.7,17.5,False,100.0,52.7,HIGH,District Officer Advisory
SCH-1318,Adarsh Vidyalaya 318,Central Zila,Block Beta,87,True,False,True,False,True,1502.7,kilograms,50.8,48.8,8.5,1502.7,False,55.0,67.2,HIGH,District Officer Advisory
SCH-1319,Model Primary School 319,Central Zila,Block Epsilon,358,False,True,True,True,False,820.4,kilograms,45.7,32.0,13.6,820.4,False,70.0,41.7,HIGH,District Officer Advisory
SCH-1320,Sarvodaya Kanya School 320,West Plain,Block Beta,408,True,True,True,True,True,3408.7,kg,57.2,52.6,1.7,3408.7,False,100.0,87.2,HIGH,District Officer Advisory
SCH-1321,Govt High School 321,West Plain,Block Beta,430,False,False,False,False,False,2811.7,kg,59.8,28.5,22.1,2811.7,False,0.0,17.9,CRITICAL,Urgent Infrastructure & Welfare Taskforce
SCH-1322,Zila Parishad School 322,South Hill,Block Beta,336,False,True,True,True,True,2745.0,kilograms,66.0,54.0,21.9,2745.0,False,70.0,77.8,CRITICAL,Urgent Infrastructure & Welfare Taskforce
SCH-1323,Model Primary School 323,West Plain,Block Delta,399,False,True,True,True,True,3293.5,kg,70.1,37.5,25.0,3293.5,False,70.0,79.0,CRITICAL,Urgent Infrastructure & Welfare Taskforce
SCH-1324,Model Primary School 324,North Valley,Block Beta,728,False,False,True,True,False,590.0,ton,84.6,27.6,22.3,0.59,False,40.0,41.4,CRITICAL,Urgent Infrastructure & Welfare Taskforce
SCH-1325,Sarvodaya Kanya School 325,South Hill,Block Gamma,171,True,True,False,True,True,1320.0,ton,94.0,47.4,5.6,1.32,False,75.0,88.2,LOW,Routine Maintenance
SCH-1326,Govt High School 326,South Hill,Block Delta,318,False,True,True,False,False,836.8,kg,79.2,81.6,14.4,836.8,False,55.0,45.8,HIGH,District Officer Advisory
SCH-1327,Adarsh Vidyalaya 327,Central Zila,Block Delta,274,False,True,True,False,False,1745.7,kg,88.9,35.1,15.6,1745.7,False,55.0,48.7,HIGH,District Officer Advisory
SCH-1328,Adarsh Vidyalaya 328,Central Zila,Block Gamma,544,True,True,True,False,True,3113.7,kg,75.5,45.2,3.2,3113.7,False,85.0,86.6,LOW,Routine Maintenance
SCH-1329,Zila Parishad School 329,South Hill,Block Epsilon,589,True,True,False,False,False,2315.0,kilograms,48.0,77.6,4.9,2315.0,False,60.0,38.4,HIGH,District Officer Advisory
SCH-1330,Model Primary School 330,North Valley,Block Delta,276,True,True,False,True,False,1816.7,kg,100.0,12.5,26.0,1816.7,True,75.0,60.0,CRITICAL,Urgent Infrastructure & Welfare Taskforce
SCH-1331,Model Primary School 331,Lake Plateau,Block Delta,161,False,True,True,False,True,3296.2,kg,64.5,76.9,8.5,3296.2,False,55.0,71.4,HIGH,District Officer Advisory
SCH-1332,Govt High School 332,East Coast,Block Alpha,301,True,True,True,True,True,1470.0,ton,52.4,84.7,16.3,1.47,False,100.0,85.7,HIGH,District Officer Advisory
SCH-1333,Govt High School 333,Lake Plateau,Block Epsilon,446,True,False,True,True,False,750.0,quintals,51.7,35.0,28.0,7.5,False,70.0,43.5,CRITICAL,Urgent Infrastructure & Welfare Taskforce
SCH-1334,Adarsh Vidyalaya 334,East Coast,Block Epsilon,412,False,False,True,False,True,2210.0,qtl,72.4,83.3,8.2,22.1,False,25.0,61.7,HIGH,District Officer Advisory
SCH-1335,Zila Parishad School 335,West Plain,Block Alpha,115,False,False,True,True,True,220.0,qtl,95.2,73.6,26.5,2.2,False,40.0,74.6,CRITICAL,Urgent Infrastructure & Welfare Taskforce
SCH-1336,Sarvodaya Kanya School 336,Central Zila,Block Epsilon,664,False,True,True,True,False,720.0,qtl,56.3,41.1,9.5,7.2,False,70.0,44.9,HIGH,District Officer Advisory
SCH-1337,Sarvodaya Kanya School 337,South Hill,Block Alpha,412,False,True,False,True,True,2900.0,ton,47.0,75.9,11.6,2.9,False,45.0,62.1,HIGH,District Officer Advisory
SCH-1338,Adarsh Vidyalaya 338,East Coast,Block Delta,506,True,True,True,True,False,2290.0,quintals,76.1,58.0,10.0,22.9,False,100.0,62.8,MEDIUM,Standard Monitoring
SCH-1339,Adarsh Vidyalaya 339,Central Zila,Block Beta,236,True,True,True,False,False,2160.0,quintal,69.3,49.8,5.0,21.6,False,85.0,54.8,LOW,Routine Maintenance
SCH-1340,Sarvodaya Kanya School 340,Lake Plateau,Block Alpha,641,False,False,True,False,True,2753.6,kilograms,49.0,60.2,14.4,2753.6,False,25.0,54.7,CRITICAL,Urgent Infrastructure & Welfare Taskforce
SCH-1341,Model Primary School 341,Central Zila,Block Epsilon,616,True,True,True,False,False,2460.0,qtl,73.1,51.1,11.2,24.6,False,85.0,55.9,MEDIUM,Standard Monitoring
SCH-1342,Adarsh Vidyalaya 342,Central Zila,Block Alpha,392,True,False,False,False,False,1653.5,kg,91.9,34.8,20.8,1653.5,False,30.0,39.6,CRITICAL,Urgent Infrastructure & Welfare Taskforce
SCH-1343,Govt High School 343,South Hill,Block Epsilon,231,False,True,False,True,True,1690.0,qtl,43.2,37.8,15.4,16.9,False,45.0,61.0,HIGH,District Officer Advisory
SCH-1344,Zila Parishad School 344,Central Zila,Block Beta,98,False,False,True,True,False,760.0,qtl,100.0,12.5,26.0,7.6,True,40.0,46.0,CRITICAL,Urgent Infrastructure & Welfare Taskforce
SCH-1345,Zila Parishad School 345,Lake Plateau,Block Gamma,448,True,True,False,True,False,3433.3,kg,69.5,55.5,17.3,3433.3,False,75.0,50.8,HIGH,District Officer Advisory
SCH-1346,Model Primary School 346,Central Zila,Block Delta,654,True,True,True,True,True,1300.0,qtl,63.2,47.2,18.1,13.0,False,100.0,89.0,HIGH,District Officer Advisory
SCH-1347,Sarvodaya Kanya School 347,East Coast,Block Alpha,720,False,False,True,True,False,700.6,kg,90.0,49.1,27.0,700.6,False,40.0,43.0,CRITICAL,Urgent Infrastructure & Welfare Taskforce
SCH-1348,Model Primary School 348,West Plain,Block Beta,666,True,False,False,False,False,1989.4,kilograms,53.2,59.1,22.7,1989.4,False,30.0,28.0,CRITICAL,Urgent Infrastructure & Welfare Taskforce
SCH-1349,Adarsh Vidyalaya 349,Lake Plateau,Block Epsilon,218,False,True,True,False,False,420.0,qtl,100.0,12.5,26.0,4.2,True,55.0,52.0,CRITICAL,Urgent Infrastructure & Welfare Taskforce
SCH-1350,Adarsh Vidyalaya 350,West Plain,Block Delta,390,False,True,True,True,False,2771.1,kg,47.8,63.6,8.6,2771.1,False,70.0,42.3,HIGH,District Officer Advisory
SCH-1351,Model Primary School 351,Central Zila,Block Beta,316,True,True,False,True,True,1770.0,quintal,69.1,48.6,24.1,17.7,False,75.0,80.7,CRITICAL,Urgent Infrastructure & Welfare Taskforce
SCH-1352,Model Primary School 352,South Hill,Block Beta,311,True,False,True,False,False,2649.8,kg,95.0,83.4,27.6,2649.8,True,55.0,50.5,CRITICAL,Urgent Infrastructure & Welfare Taskforce
SCH-1353,Zila Parishad School 353,Lake Plateau,Block Gamma,548,True,False,False,True,False,2920.3,kg,80.9,61.0,15.7,2920.3,False,45.0,42.3,HIGH,District Officer Advisory
SCH-1354,Govt High School 354,Central Zila,Block Alpha,542,False,True,True,True,True,3446.6,kilograms,44.1,85.6,6.5,3446.6,False,70.0,71.2,HIGH,District Officer Advisory
SCH-1355,Adarsh Vidyalaya 355,East Coast,Block Delta,250,False,False,False,True,True,3180.0,ton,67.0,56.5,6.3,3.18,False,15.0,56.1,HIGH,District Officer Advisory
SCH-1356,Sarvodaya Kanya School 356,South Hill,Block Delta,503,False,False,True,True,False,3160.0,ton,90.0,45.4,18.7,3.16,False,40.0,43.0,HIGH,District Officer Advisory
SCH-1357,Model Primary School 357,Lake Plateau,Block Alpha,173,True,True,False,True,False,1930.0,quintals,62.7,84.8,11.5,19.3,False,75.0,48.8,HIGH,District Officer Advisory
SCH-1358,Model Primary School 358,East Coast,Block Epsilon,233,True,True,True,True,True,1216.6,kilograms,81.4,36.4,25.3,1216.6,False,100.0,94.4,CRITICAL,Urgent Infrastructure & Welfare Taskforce
SCH-1359,Govt High School 359,Central Zila,Block Gamma,92,False,False,False,True,True,3110.0,ton,54.8,50.8,3.6,3.11,False,15.0,52.4,HIGH,District Officer Advisory
SCH-1360,Model Primary School 360,Central Zila,Block Gamma,714,True,True,True,True,True,381.7,kg,60.8,27.0,16.8,381.7,False,100.0,88.2,HIGH,District Officer Advisory
SCH-1361,Adarsh Vidyalaya 361,North Valley,Block Alpha,191,False,True,True,True,False,2380.0,ton,79.8,85.9,21.4,2.38,False,70.0,51.9,CRITICAL,Urgent Infrastructure & Welfare Taskforce
SCH-1362,Govt High School 362,North Valley,Block Gamma,410,False,False,True,False,True,1170.0,quintals,49.3,58.2,15.4,11.7,False,25.0,54.8,CRITICAL,Urgent Infrastructure & Welfare Taskforce
SCH-1363,Sarvodaya Kanya School 363,North Valley,Block Alpha,665,True,True,True,True,False,2472.6,kg,92.4,63.4,9.9,2472.6,False,100.0,67.7,MEDIUM,Standard Monitoring
SCH-1364,Sarvodaya Kanya School 364,East Coast,Block Beta,709,False,False,True,True,False,1825.3,kilograms,100.0,12.5,26.0,1825.3,True,40.0,46.0,CRITICAL,Urgent Infrastructure & Welfare Taskforce
SCH-1365,Govt High School 365,Lake Plateau,Block Beta,710,False,False,True,False,False,2860.0,ton,53.5,41.0,3.3,2.86,False,25.0,26.0,HIGH,District Officer Advisory
SCH-1366,Sarvodaya Kanya School 366,East Coast,Block Alpha,196,True,False,False,False,True,2230.0,ton,43.6,46.3,19.3,2.23,False,30.0,55.1,CRITICAL,Urgent Infrastructure & Welfare Taskforce
SCH-1367,Govt High School 367,Lake Plateau,Block Beta,573,True,True,False,True,False,2787.2,kilograms,64.4,43.9,20.7,2787.2,False,75.0,49.3,CRITICAL,Urgent Infrastructure & Welfare Taskforce
SCH-1368,Sarvodaya Kanya School 368,North Valley,Block Beta,671,True,False,False,True,True,2970.0,qtl,60.3,35.5,17.6,29.7,False,45.0,66.1,HIGH,District Officer Advisory
SCH-1369,Govt High School 369,East Coast,Block Gamma,112,False,False,True,False,True,1690.0,qtl,93.3,32.1,22.3,16.9,False,25.0,68.0,CRITICAL,Urgent Infrastructure & Welfare Taskforce
SCH-1370,Govt High School 370,West Plain,Block Epsilon,105,False,True,True,True,False,2617.1,kilograms,70.3,79.9,23.3,2617.1,False,70.0,49.1,CRITICAL,Urgent Infrastructure & Welfare Taskforce
SCH-1371,Model Primary School 371,South Hill,Block Alpha,550,False,True,True,True,True,3280.0,qtl,79.0,54.4,2.7,32.8,False,70.0,81.7,MEDIUM,Standard Monitoring
SCH-1372,Adarsh Vidyalaya 372,North Valley,Block Epsilon,399,True,True,False,True,False,1110.0,qtl,100.0,12.5,26.0,11.1,True,75.0,60.0,CRITICAL,Urgent Infrastructure & Welfare Taskforce
SCH-1373,Sarvodaya Kanya School 373,Central Zila,Block Epsilon,184,True,True,False,True,False,670.0,qtl,80.0,29.5,17.8,6.7,False,75.0,54.0,HIGH,District Officer Advisory
SCH-1374,Zila Parishad School 374,North Valley,Block Beta,109,False,True,True,True,False,480.0,quintals,63.2,64.7,19.8,4.8,False,70.0,47.0,HIGH,District Officer Advisory
SCH-1375,Adarsh Vidyalaya 375,East Coast,Block Gamma,282,True,True,True,True,False,630.0,ton,85.9,53.7,19.6,0.63,False,100.0,65.8,HIGH,District Officer Advisory
SCH-1376,Zila Parishad School 376,West Plain,Block Beta,309,True,False,False,False,False,2508.7,kg,77.9,53.6,2.3,2508.7,False,30.0,35.4,HIGH,District Officer Advisory
SCH-1377,Adarsh Vidyalaya 377,West Plain,Block Delta,254,False,False,False,False,True,540.0,ton,86.1,65.9,22.5,0.54,False,0.0,55.8,CRITICAL,Urgent Infrastructure & Welfare Taskforce
SCH-1378,Zila Parishad School 378,Central Zila,Block Delta,324,False,True,True,True,False,418.0,kilograms,53.2,86.8,16.5,418.0,False,70.0,44.0,HIGH,District Officer Advisory
SCH-1379,Model Primary School 379,South Hill,Block Alpha,667,False,True,False,False,False,2030.0,qtl,86.4,29.4,4.4,20.3,False,30.0,37.9,HIGH,District Officer Advisory
SCH-1380,Zila Parishad School 380,East Coast,Block Delta,740,True,True,True,True,True,3180.0,ton,76.4,34.2,5.5,3.18,False,100.0,92.9,LOW,Routine Maintenance
SCH-1381,Zila Parishad School 381,Central Zila,Block Epsilon,537,True,True,True,False,False,2820.0,ton,78.7,70.2,25.8,2.82,False,85.0,57.6,CRITICAL,Urgent Infrastructure & Welfare Taskforce
SCH-1382,Sarvodaya Kanya School 382,North Valley,Block Epsilon,602,False,True,False,True,False,3390.0,ton,100.0,12.5,26.0,3.39,True,45.0,48.0,CRITICAL,Urgent Infrastructure & Welfare Taskforce
SCH-1383,Zila Parishad School 383,Lake Plateau,Block Epsilon,483,True,False,True,False,False,1636.1,kilograms,53.4,60.0,23.8,1636.1,False,55.0,38.0,CRITICAL,Urgent Infrastructure & Welfare Taskforce
SCH-1384,Zila Parishad School 384,South Hill,Block Gamma,208,True,True,True,True,True,2580.4,kg,68.3,30.3,18.5,2580.4,False,100.0,90.5,HIGH,District Officer Advisory
SCH-1385,Zila Parishad School 385,Lake Plateau,Block Epsilon,515,False,True,False,True,False,2910.0,ton,62.8,25.5,14.7,2.91,False,45.0,36.8,HIGH,District Officer Advisory
SCH-1386,Sarvodaya Kanya School 386,East Coast,Block Delta,639,False,False,True,True,False,2526.1,kilograms,48.1,34.0,20.9,2526.1,False,40.0,30.4,CRITICAL,Urgent Infrastructure & Welfare Taskforce
SCH-1387,Adarsh Vidyalaya 387,West Plain,Block Epsilon,160,True,False,True,True,False,2647.6,kg,93.9,64.9,22.6,2647.6,False,70.0,56.2,CRITICAL,Urgent Infrastructure & Welfare Taskforce
SCH-1388,Govt High School 388,East Coast,Block Epsilon,91,False,False,True,False,False,1294.0,kg,61.1,35.6,19.9,1294.0,False,25.0,28.3,HIGH,District Officer Advisory
SCH-1389,Adarsh Vidyalaya 389,Lake Plateau,Block Epsilon,346,True,True,False,False,True,370.0,ton,95.5,43.1,3.7,0.37,False,60.0,82.6,MEDIUM,Standard Monitoring
SCH-1390,Adarsh Vidyalaya 390,East Coast,Block Beta,710,False,False,False,True,True,2190.0,quintals,91.1,48.3,6.1,21.9,False,15.0,63.3,HIGH,District Officer Advisory
SCH-1391,Model Primary School 391,West Plain,Block Beta,620,True,False,True,True,False,710.0,quintal,68.8,40.0,13.2,7.1,False,70.0,48.6,HIGH,District Officer Advisory
SCH-1392,Model Primary School 392,Central Zila,Block Gamma,135,True,False,True,True,True,1515.9,kilograms,58.3,58.5,11.6,1515.9,False,70.0,75.5,HIGH,District Officer Advisory
SCH-1393,Zila Parishad School 393,East Coast,Block Beta,623,False,True,False,False,False,1241.8,kg,71.0,58.5,10.9,1241.8,False,30.0,33.3,HIGH,District Officer Advisory
SCH-1394,Sarvodaya Kanya School 394,Lake Plateau,Block Gamma,423,False,False,True,False,True,1490.0,ton,83.8,62.1,6.7,1.49,False,25.0,65.1,HIGH,District Officer Advisory
SCH-1395,Model Primary School 395,East Coast,Block Epsilon,90,True,True,True,True,False,1930.0,quintals,79.0,40.9,2.4,19.3,False,100.0,63.7,LOW,Routine Maintenance
SCH-1396,Govt High School 396,Central Zila,Block Beta,693,True,True,True,True,True,2200.0,quintal,62.3,75.6,6.4,22.0,False,100.0,88.7,HIGH,District Officer Advisory
SCH-1397,Model Primary School 397,East Coast,Block Gamma,558,True,True,True,False,False,1610.0,quintal,90.8,35.2,3.5,16.1,False,85.0,61.2,LOW,Routine Maintenance
SCH-1398,Zila Parishad School 398,West Plain,Block Gamma,141,False,False,True,False,True,3432.1,kilograms,52.8,31.8,15.8,3432.1,False,25.0,55.8,HIGH,District Officer Advisory
SCH-1399,Sarvodaya Kanya School 399,Lake Plateau,Block Alpha,532,True,False,True,True,True,2090.0,quintals,55.5,34.4,18.5,20.9,False,70.0,74.6,HIGH,District Officer Advisory
SCH-1400,Zila Parishad School 400,East Coast,Block Beta,417,False,False,True,True,False,1820.0,quintal,100.0,12.5,26.0,18.2,True,40.0,46.0,CRITICAL,Urgent Infrastructure & Welfare Taskforce
SCH-1401,Zila Parishad School 401,North Valley,Block Epsilon,628,False,False,True,False,False,2290.0,quintals,93.8,58.7,27.0,22.9,False,25.0,38.1,CRITICAL,Urgent Infrastructure & Welfare Taskforce
SCH-1402,Zila Parishad School 402,East Coast,Block Beta,260,True,True,False,True,True,2500.0,qtl,90.4,30.3,18.3,25.0,False,75.0,87.1,HIGH,District Officer Advisory
SCH-1403,Model Primary School 403,North Valley,Block Beta,105,True,False,True,False,False,2820.0,quintals,100.0,12.5,26.0,28.2,True,55.0,52.0,CRITICAL,Urgent Infrastructure & Welfare Taskforce
SCH-1404,Adarsh Vidyalaya 404,North Valley,Block Gamma,123,False,True,True,True,False,1710.0,ton,100.0,12.5,26.0,1.71,True,70.0,58.0,CRITICAL,Urgent Infrastructure & Welfare Taskforce
SCH-1405,Model Primary School 405,West Plain,Block Alpha,562,False,True,True,True,True,247.4,kg,76.2,31.1,17.7,247.4,False,70.0,80.9,HIGH,District Officer Advisory
SCH-1406,Govt High School 406,North Valley,Block Alpha,589,False,False,True,True,True,1313.2,kilograms,87.1,32.6,19.6,1313.2,False,40.0,72.1,HIGH,District Officer Advisory
SCH-1407,Adarsh Vidyalaya 407,South Hill,Block Alpha,687,True,False,True,True,False,2699.9,kg,51.1,40.3,16.9,2699.9,False,70.0,43.3,HIGH,District Officer Advisory
SCH-1408,Sarvodaya Kanya School 408,West Plain,Block Beta,96,False,True,True,True,True,2530.0,quintals,74.1,74.9,14.1,25.3,False,70.0,80.2,HIGH,District Officer Advisory
SCH-1409,Model Primary School 409,Lake Plateau,Block Gamma,615,False,False,True,True,False,324.1,kg,51.7,64.5,22.2,324.1,False,40.0,31.5,CRITICAL,Urgent Infrastructure & Welfare Taskforce
SCH-1410,Govt High School 410,Central Zila,Block Beta,276,True,True,True,False,False,2710.0,quintal,71.1,66.5,8.8,27.1,False,85.0,55.3,MEDIUM,Standard Monitoring
SCH-1411,Model Primary School 411,Lake Plateau,Block Delta,589,True,True,True,True,True,1401.8,kg,53.3,81.1,13.5,1401.8,False,100.0,86.0,HIGH,District Officer Advisory
SCH-1412,Govt High School 412,Central Zila,Block Beta,241,True,False,True,True,True,2580.6,kg,74.0,67.6,10.1,2580.6,False,70.0,80.2,MEDIUM,Standard Monitoring
SCH-1413,Adarsh Vidyalaya 413,South Hill,Block Alpha,322,True,False,True,False,True,1750.0,quintals,68.2,83.5,13.6,17.5,False,55.0,72.5,HIGH,District Officer Advisory
SCH-1414,Model Primary School 414,West Plain,Block Beta,727,False,False,True,False,True,2480.0,quintals,45.2,78.7,13.7,24.8,False,25.0,53.6,CRITICAL,Urgent Infrastructure & Welfare Taskforce
SCH-1415,Adarsh Vidyalaya 415,South Hill,Block Gamma,698,True,True,False,True,False,3020.0,ton,46.7,87.7,17.2,3.02,False,75.0,44.0,HIGH,District Officer Advisory
SCH-1416,Adarsh Vidyalaya 416,North Valley,Block Delta,332,True,False,False,False,True,3320.0,ton,91.3,27.8,27.8,3.32,False,30.0,69.4,CRITICAL,Urgent Infrastructure & Welfare Taskforce
SCH-1417,Sarvodaya Kanya School 417,North Valley,Block Delta,623,False,False,True,True,False,993.7,kilograms,72.2,71.1,26.7,993.7,False,40.0,37.7,CRITICAL,Urgent Infrastructure & Welfare Taskforce
SCH-1418,Adarsh Vidyalaya 418,South Hill,Block Alpha,96,False,True,False,True,True,3031.1,kilograms,82.4,53.7,22.0,3031.1,False,45.0,72.7,CRITICAL,Urgent Infrastructure & Welfare Taskforce
SCH-1419,Zila Parishad School 419,South Hill,Block Gamma,721,False,True,True,True,True,1470.0,quintals,79.3,72.4,20.0,14.7,False,70.0,81.8,CRITICAL,Urgent Infrastructure & Welfare Taskforce
SCH-1420,Sarvodaya Kanya School 420,South Hill,Block Alpha,715,False,True,True,True,True,3130.0,qtl,48.0,48.0,6.1,31.3,False,70.0,72.4,HIGH,District Officer Advisory
SCH-1421,Govt High School 421,Central Zila,Block Beta,221,False,True,True,True,True,2633.4,kilograms,82.6,72.4,21.7,2633.4,False,70.0,82.8,CRITICAL,Urgent Infrastructure & Welfare Taskforce
SCH-1422,Adarsh Vidyalaya 422,Central Zila,Block Delta,363,True,True,False,False,False,1854.8,kilograms,86.8,77.0,25.3,1854.8,False,60.0,50.0,CRITICAL,Urgent Infrastructure & Welfare Taskforce
SCH-1423,Adarsh Vidyalaya 423,Lake Plateau,Block Alpha,272,False,True,True,False,True,3360.0,qtl,46.2,34.3,5.5,33.6,False,55.0,65.9,HIGH,District Officer Advisory
SCH-1424,Govt High School 424,East Coast,Block Delta,634,True,False,False,False,False,2327.5,kg,57.7,79.9,7.7,2327.5,False,30.0,29.3,HIGH,District Officer Advisory
SCH-1425,Adarsh Vidyalaya 425,West Plain,Block Epsilon,431,True,True,False,False,False,2499.6,kg,87.5,33.3,22.4,2499.6,False,60.0,50.2,CRITICAL,Urgent Infrastructure & Welfare Taskforce
SCH-1426,Adarsh Vidyalaya 426,South Hill,Block Delta,460,False,True,True,False,False,3355.5,kilograms,75.4,36.5,6.1,3355.5,False,55.0,44.6,MEDIUM,Standard Monitoring
SCH-1427,Model Primary School 427,South Hill,Block Beta,199,True,False,False,True,False,1420.0,qtl,53.1,86.6,5.4,14.2,False,45.0,33.9,HIGH,District Officer Advisory
SCH-1428,Model Primary School 428,Central Zila,Block Gamma,204,True,False,False,True,False,710.0,qtl,94.4,65.8,9.3,7.1,False,45.0,46.3,HIGH,District Officer Advisory
SCH-1429,Sarvodaya Kanya School 429,Lake Plateau,Block Beta,658,True,False,False,True,True,1780.6,kg,44.2,26.6,17.9,1780.6,False,45.0,61.3,HIGH,District Officer Advisory
SCH-1430,Adarsh Vidyalaya 430,North Valley,Block Gamma,136,False,True,True,False,True,2778.2,kg,83.0,78.5,19.4,2778.2,False,55.0,76.9,HIGH,District Officer Advisory
SCH-1431,Sarvodaya Kanya School 431,West Plain,Block Beta,582,False,False,False,True,True,1391.5,kg,50.0,48.5,9.0,1391.5,False,15.0,51.0,HIGH,District Officer Advisory
SCH-1432,Zila Parishad School 432,Central Zila,Block Alpha,300,True,False,True,False,False,740.0,qtl,81.3,51.1,23.6,7.4,False,55.0,46.4,CRITICAL,Urgent Infrastructure & Welfare Taskforce
SCH-1433,Model Primary School 433,South Hill,Block Gamma,566,True,False,True,False,False,220.0,quintals,76.5,54.1,16.5,2.2,False,55.0,45.0,HIGH,District Officer Advisory
SCH-1434,Model Primary School 434,South Hill,Block Delta,376,True,False,True,False,False,1830.0,qtl,82.0,34.7,9.5,18.3,False,55.0,46.6,MEDIUM,Standard Monitoring
SCH-1435,Zila Parishad School 435,North Valley,Block Gamma,507,True,False,True,True,True,590.0,quintals,57.0,72.0,16.9,5.9,False,70.0,75.1,HIGH,District Officer Advisory
SCH-1436,Adarsh Vidyalaya 436,Lake Plateau,Block Delta,202,False,True,True,False,True,1060.0,quintal,73.4,54.0,19.9,10.6,False,55.0,74.0,HIGH,District Officer Advisory
SCH-1437,Govt High School 437,East Coast,Block Gamma,509,True,False,True,False,False,2310.0,ton,46.1,73.2,17.4,2.31,False,55.0,35.8,HIGH,District Officer Advisory
SCH-1438,Adarsh Vidyalaya 438,East Coast,Block Gamma,357,True,True,True,False,True,2110.0,ton,86.5,57.6,11.4,2.11,False,85.0,90.0,MEDIUM,Standard Monitoring
SCH-1439,Adarsh Vidyalaya 439,South Hill,Block Alpha,303,True,True,True,True,True,2480.0,ton,93.4,69.2,22.8,2.48,False,100.0,98.0,CRITICAL,Urgent Infrastructure & Welfare Taskforce
SCH-1440,Govt High School 440,North Valley,Block Beta,97,False,False,False,True,False,2896.2,kg,100.0,12.5,26.0,2896.2,True,15.0,36.0,CRITICAL,Urgent Infrastructure & Welfare Taskforce
SCH-1441,Govt High School 441,South Hill,Block Beta,225,True,True,False,True,True,3437.7,kg,64.9,26.2,14.3,3437.7,False,75.0,79.5,HIGH,District Officer Advisory
SCH-1442,Model Primary School 442,North Valley,Block Alpha,605,False,True,False,True,False,420.0,quintals,78.0,83.0,6.9,4.2,False,45.0,41.4,HIGH,District Officer Advisory
SCH-1443,Model Primary School 443,Lake Plateau,Block Gamma,109,True,True,True,False,False,1360.0,qtl,88.2,56.8,3.3,13.6,False,85.0,60.5,LOW,Routine Maintenance
SCH-1444,Govt High School 444,Central Zila,Block Beta,276,False,True,True,True,True,3250.0,quintals,91.7,69.0,6.4,32.5,False,70.0,85.5,MEDIUM,Standard Monitoring
SCH-1445,Govt High School 445,South Hill,Block Gamma,468,False,True,True,True,False,2710.0,quintals,59.0,56.2,11.1,27.1,False,70.0,45.7,HIGH,District Officer Advisory
SCH-1446,Govt High School 446,North Valley,Block Gamma,585,True,False,False,False,False,1229.6,kg,94.7,43.3,24.2,1229.6,False,30.0,40.4,CRITICAL,Urgent Infrastructure & Welfare Taskforce
SCH-1447,Govt High School 447,West Plain,Block Gamma,263,True,True,False,True,True,1645.6,kilograms,77.6,34.0,12.1,1645.6,False,75.0,83.3,HIGH,District Officer Advisory
SCH-1448,Govt High School 448,Lake Plateau,Block Beta,146,False,True,False,True,False,3470.0,quintal,48.6,42.5,20.4,34.7,False,45.0,32.6,CRITICAL,Urgent Infrastructure & Welfare Taskforce
SCH-1449,Adarsh Vidyalaya 449,Lake Plateau,Block Delta,444,False,True,False,False,False,1120.0,ton,83.5,40.8,14.7,1.12,False,30.0,37.0,HIGH,District Officer Advisory
SCH-1450,Model Primary School 450,North Valley,Block Alpha,134,True,False,True,True,True,2195.1,kilograms,59.7,72.9,19.0,2195.1,False,70.0,75.9,HIGH,District Officer Advisory
SCH-1451,Zila Parishad School 451,West Plain,Block Beta,380,True,False,False,True,False,1330.0,ton,88.4,27.0,12.9,1.33,False,45.0,44.5,HIGH,District Officer Advisory
SCH-1452,Zila Parishad School 452,West Plain,Block Gamma,465,False,False,True,True,True,2380.0,ton,84.1,52.1,9.8,2.38,False,40.0,71.2,HIGH,District Officer Advisory
SCH-1453,Govt High School 453,Central Zila,Block Delta,647,True,True,False,False,False,3020.0,ton,69.4,86.2,17.8,3.02,False,60.0,44.8,HIGH,District Officer Advisory
SCH-1454,Adarsh Vidyalaya 454,East Coast,Block Alpha,108,False,True,True,False,False,2650.0,quintal,43.5,31.1,10.6,26.5,False,55.0,35.0,HIGH,District Officer Advisory
SCH-1455,Adarsh Vidyalaya 455,North Valley,Block Beta,333,True,True,False,False,True,416.2,kg,58.0,45.5,13.7,416.2,False,60.0,71.4,HIGH,District Officer Advisory
SCH-1456,Sarvodaya Kanya School 456,Central Zila,Block Delta,353,True,True,False,False,True,1450.0,qtl,63.1,31.3,19.4,14.5,False,60.0,72.9,HIGH,District Officer Advisory
SCH-1457,Sarvodaya Kanya School 457,Lake Plateau,Block Gamma,250,False,False,False,False,True,2297.0,kilograms,94.6,78.6,7.2,2297.0,False,0.0,58.4,HIGH,District Officer Advisory
SCH-1458,Adarsh Vidyalaya 458,Central Zila,Block Delta,311,False,True,True,True,False,2150.0,quintals,56.8,51.9,10.7,21.5,False,70.0,45.0,HIGH,District Officer Advisory
SCH-1459,Adarsh Vidyalaya 459,Central Zila,Block Gamma,523,True,True,False,True,False,1029.2,kilograms,69.8,80.5,18.1,1029.2,False,75.0,50.9,HIGH,District Officer Advisory
SCH-1460,Model Primary School 460,Central Zila,Block Delta,298,True,True,False,False,True,2870.0,ton,88.0,70.8,3.1,2.87,False,60.0,80.4,MEDIUM,Standard Monitoring
SCH-1461,Zila Parishad School 461,South Hill,Block Beta,234,True,True,False,False,False,3040.0,qtl,91.2,41.8,9.1,30.4,False,60.0,51.4,MEDIUM,Standard Monitoring
SCH-1462,Sarvodaya Kanya School 462,South Hill,Block Delta,324,True,True,True,True,True,2930.0,quintal,67.1,65.8,2.5,29.3,False,100.0,90.1,LOW,Routine Maintenance
SCH-1463,Model Primary School 463,North Valley,Block Gamma,364,True,True,True,True,True,1803.3,kg,43.0,62.9,24.5,1803.3,False,100.0,82.9,CRITICAL,Urgent Infrastructure & Welfare Taskforce
SCH-1464,Zila Parishad School 464,East Coast,Block Alpha,486,True,True,True,True,False,1850.8,kg,48.5,73.8,15.4,1850.8,False,100.0,54.6,HIGH,District Officer Advisory
SCH-1465,Govt High School 465,South Hill,Block Epsilon,205,False,False,False,True,False,2670.0,quintal,54.7,36.0,27.2,26.7,False,15.0,22.4,CRITICAL,Urgent Infrastructure & Welfare Taskforce
SCH-1466,Adarsh Vidyalaya 466,Central Zila,Block Alpha,582,True,False,True,True,False,1600.0,ton,78.9,84.0,11.1,1.6,False,70.0,51.7,MEDIUM,Standard Monitoring
SCH-1467,Adarsh Vidyalaya 467,North Valley,Block Epsilon,115,True,True,True,True,True,1034.8,kg,62.8,81.9,19.7,1034.8,False,100.0,88.8,HIGH,District Officer Advisory
SCH-1468,Model Primary School 468,West Plain,Block Delta,88,False,False,False,True,True,890.0,qtl,90.1,80.4,21.8,8.9,False,15.0,63.0,CRITICAL,Urgent Infrastructure & Welfare Taskforce
SCH-1469,Govt High School 469,East Coast,Block Alpha,583,False,True,False,False,True,3093.3,kilograms,86.3,56.9,10.8,3093.3,False,30.0,67.9,HIGH,District Officer Advisory
SCH-1470,Sarvodaya Kanya School 470,Lake Plateau,Block Gamma,544,True,True,True,True,True,2279.5,kg,84.7,50.2,18.1,2279.5,False,100.0,95.4,HIGH,District Officer Advisory
SCH-1471,Govt High School 471,North Valley,Block Beta,335,True,True,True,True,False,1554.0,kg,92.7,33.4,6.1,1554.0,False,100.0,67.8,MEDIUM,Standard Monitoring
SCH-1472,Adarsh Vidyalaya 472,East Coast,Block Beta,166,False,False,True,False,False,3120.0,quintal,54.1,65.8,18.1,31.2,False,25.0,26.2,HIGH,District Officer Advisory
SCH-1473,Zila Parishad School 473,South Hill,Block Gamma,252,True,False,False,False,False,690.0,qtl,93.7,25.9,15.4,6.9,False,30.0,40.1,HIGH,District Officer Advisory
SCH-1474,Zila Parishad School 474,Lake Plateau,Block Delta,201,True,True,True,True,False,2660.0,qtl,62.6,38.6,23.3,26.6,False,100.0,58.8,CRITICAL,Urgent Infrastructure & Welfare Taskforce
SCH-1475,Model Primary School 475,West Plain,Block Beta,498,True,True,False,False,True,1690.0,ton,55.4,30.4,13.9,1.69,False,60.0,70.6,HIGH,District Officer Advisory
SCH-1476,Zila Parishad School 476,Lake Plateau,Block Beta,472,True,False,True,False,False,510.0,quintals,45.2,82.2,27.9,5.1,False,55.0,35.6,CRITICAL,Urgent Infrastructure & Welfare Taskforce
SCH-1477,Sarvodaya Kanya School 477,Lake Plateau,Block Alpha,85,False,True,False,False,False,2415.2,kilograms,49.0,36.3,6.0,2415.2,False,30.0,26.7,CRITICAL,Urgent Infrastructure & Welfare Taskforce
SCH-1478,Adarsh Vidyalaya 478,West Plain,Block Beta,171,False,True,True,False,True,590.0,qtl,44.4,79.9,23.6,5.9,False,55.0,65.3,CRITICAL,Urgent Infrastructure & Welfare Taskforce
SCH-1479,Zila Parishad School 479,East Coast,Block Gamma,707,False,True,False,False,True,2630.0,qtl,68.5,83.1,18.4,26.3,False,30.0,62.6,HIGH,District Officer Advisory
SCH-1480,Model Primary School 480,South Hill,Block Alpha,315,True,True,False,False,True,1741.5,kg,48.3,52.8,27.7,1741.5,False,60.0,68.5,CRITICAL,Urgent Infrastructure & Welfare Taskforce
SCH-1481,Zila Parishad School 481,West Plain,Block Alpha,231,True,False,True,True,False,2955.3,kg,82.5,66.8,7.1,2955.3,False,70.0,52.8,MEDIUM,Standard Monitoring
SCH-1482,Govt High School 482,Central Zila,Block Epsilon,264,False,True,True,False,True,3130.0,quintals,43.4,49.8,17.1,31.3,False,55.0,65.0,HIGH,District Officer Advisory
SCH-1483,Adarsh Vidyalaya 483,South Hill,Block Alpha,163,False,True,True,False,False,3352.2,kg,74.1,86.1,18.9,3352.2,False,55.0,44.2,HIGH,District Officer Advisory
SCH-1484,Adarsh Vidyalaya 484,Lake Plateau,Block Epsilon,212,True,True,True,False,False,380.0,quintal,45.8,50.1,6.2,3.8,False,85.0,47.7,HIGH,District Officer Advisory
SCH-1485,Zila Parishad School 485,North Valley,Block Alpha,293,True,False,False,False,True,3350.0,quintal,50.3,71.4,25.9,33.5,False,30.0,57.1,CRITICAL,Urgent Infrastructure & Welfare Taskforce
SCH-1486,Sarvodaya Kanya School 486,South Hill,Block Gamma,178,False,True,True,False,False,1772.3,kilograms,72.4,76.1,17.8,1772.3,False,55.0,43.7,HIGH,District Officer Advisory
SCH-1487,Zila Parishad School 487,North Valley,Block Alpha,605,False,False,True,True,True,2555.0,kg,92.3,30.3,13.9,2555.0,False,40.0,73.7,HIGH,District Officer Advisory
SCH-1488,Zila Parishad School 488,East Coast,Block Beta,210,True,False,True,True,False,2080.0,qtl,71.8,57.2,12.4,20.8,False,70.0,49.5,HIGH,District Officer Advisory
SCH-1489,Sarvodaya Kanya School 489,East Coast,Block Gamma,340,False,True,True,True,True,2383.2,kg,51.7,30.2,24.7,2383.2,False,70.0,73.5,CRITICAL,Urgent Infrastructure & Welfare Taskforce
SCH-1490,Sarvodaya Kanya School 490,Lake Plateau,Block Delta,540,False,False,False,True,True,458.1,kg,95.0,52.3,2.0,458.1,False,15.0,64.5,HIGH,District Officer Advisory
SCH-1491,Govt High School 491,South Hill,Block Delta,551,True,False,True,True,False,1806.2,kg,75.4,67.4,19.8,1806.2,False,70.0,50.6,HIGH,District Officer Advisory
SCH-1492,Adarsh Vidyalaya 492,North Valley,Block Beta,218,True,True,True,True,True,3034.7,kg,53.3,52.5,18.1,3034.7,False,100.0,86.0,HIGH,District Officer Advisory
SCH-1493,Model Primary School 493,North Valley,Block Gamma,554,True,False,False,True,True,3178.0,kg,81.9,26.2,13.4,3178.0,False,45.0,72.6,HIGH,District Officer Advisory
SCH-1494,Adarsh Vidyalaya 494,Central Zila,Block Delta,132,False,True,True,True,True,3432.3,kilograms,87.8,59.9,9.2,3432.3,False,70.0,84.3,MEDIUM,Standard Monitoring
SCH-1495,Zila Parishad School 495,Central Zila,Block Epsilon,706,True,False,True,True,True,260.0,ton,73.1,65.8,25.1,0.26,False,70.0,79.9,CRITICAL,Urgent Infrastructure & Welfare Taskforce
SCH-1496,Sarvodaya Kanya School 496,Lake Plateau,Block Gamma,539,True,False,True,True,False,834.3,kg,60.6,82.3,10.5,834.3,False,70.0,46.2,HIGH,District Officer Advisory
SCH-1497,Zila Parishad School 497,South Hill,Block Gamma,479,False,True,True,True,False,1760.0,quintal,94.4,68.5,3.8,17.6,False,70.0,56.3,MEDIUM,Standard Monitoring
SCH-1498,Model Primary School 498,South Hill,Block Beta,700,False,True,False,False,False,891.1,kg,44.5,80.5,11.0,891.1,False,30.0,25.4,CRITICAL,Urgent Infrastructure & Welfare Taskforce
SCH-1499,Sarvodaya Kanya School 499,North Valley,Block Alpha,425,False,True,False,True,True,940.0,ton,55.9,27.9,24.8,0.94,False,45.0,64.8,CRITICAL,Urgent Infrastructure & Welfare Taskforce
SCH-1500,Model Primary School 500,Lake Plateau,Block Epsilon,698,True,True,True,True,False,1710.0,quintal,87.4,31.7,17.7,17.1,False,100.0,66.2,HIGH,District Officer Advisory
